_seasonId,assists,evGoals,evPoints,faceoffWinPct,gameDate,gameId,gameWinningGoals,gamesPlayed,goals,homeRoad,lastName,opponentTeamAbbrev,otGoals,penaltyMinutes,playerId,plusMinus,points,pointsPerGame,positionCode,ppGoals,ppPoints,shGoals,shPoints,shootingPct,shootsCatches,shots,skaterFullName,teamAbbrev,timeOnIcePerGame
20232024,0,0,0,,2024-01-15,2023020672,0,1,0,R,Zadina,BUF,0,0,8480821,0,0,0.0,R,0,0,0,0,0.0,L,2,Filip Zadina,SJS,809.0
20232024,0,0,0,,2024-02-12,2023020821,0,1,0,R,Guenther,PHI,0,0,8482699,-1,0,0.0,R,0,0,0,0,0.0,R,1,Dylan Guenther,ARI,814.0
20232024,0,0,0,,2024-02-15,2023020845,0,1,0,H,Donato,PIT,0,0,8477987,0,0,0.0,C,0,0,0,0,0.0,L,1,Ryan Donato,CHI,821.0
20232024,1,0,1,0.4,2024-01-01,2023020573,0,1,0,H,Kartye,VGK,0,0,8481789,1,1,1.0,L,0,0,0,0,0.0,L,1,Tye Kartye,SEA,607.0
20232024,0,0,0,0.66666,2024-01-27,2023020762,0,1,0,H,Kunin,BUF,0,2,8479316,1,0,0.0,C,0,0,0,0,0.0,R,2,Luke Kunin,SJS,760.0
20232024,0,0,0,0.44444,2023-10-19,2023020062,0,1,0,H,Bordeleau,BOS,0,0,8482133,0,0,0.0,C,0,0,0,0,,L,0,Thomas Bordeleau,SJS,668.0
20232024,0,0,0,,2023-12-31,2023020570,0,1,0,R,Walker,CGY,0,0,8480336,-1,0,0.0,D,0,0,0,0,0.0,R,2,Sean Walker,PHI,1056.0
20232024,1,0,0,0.47368,2024-01-02,2023020577,0,1,0,R,Monahan,DAL,0,0,8477497,-3,1,1.0,C,0,1,0,0,0.0,L,1,Sean Monahan,MTL,1223.0
20232024,0,0,0,,2024-02-21,2023020887,0,1,0,R,Bertuzzi,ARI,0,0,8477479,0,0,0.0,L,0,0,0,0,0.0,L,2,Tyler Bertuzzi,TOR,999.0
20232024,0,0,0,0.4,2023-12-19,2023020489,0,1,0,R,Bonino,TOR,0,0,8474009,0,0,0.0,C,0,0,0,0,,L,0,Nick Bonino,NYR,754.0
20232024,0,0,0,0.6,2023-10-10,2023020003,0,1,0,R,Bellemare,VGK,0,0,8477930,-1,0,0.0,L,0,0,0,0,,L,0,Pierre-Edouard Bellemare,SEA,450.0
20232024,1,0,0,,2024-02-20,2023020879,0,1,0,H,Oshie,NJD,0,2,8471698,1,1,1.0,R,0,1,0,0,0.0,R,1,T.J. Oshie,WSH,964.0
20232024,0,0,0,,2024-03-28,2023021157,0,1,1,R,Huberdeau,STL,0,0,8476456,-2,1,1.0,L,1,1,0,0,0.33333,L,3,Jonathan Huberdeau,CGY,1209.0
20232024,1,0,0,0.5,2024-04-12,2023021268,0,1,0,R,Sharangovich,ANA,0,0,8481068,-1,1,1.0,C,0,0,0,1,0.0,L,3,Yegor Sharangovich,CGY,1060.0
20232024,0,0,0,,2024-03-19,2023021091,0,1,0,R,Brodin,ANA,0,2,8476463,1,0,0.0,D,0,0,0,0,,L,0,Jonas Brodin,MIN,990.0
20232024,0,0,0,,2023-12-19,2023020493,0,1,0,R,Chychrun,ARI,0,0,8479345,-3,0,0.0,D,0,0,0,0,0.0,L,1,Jakob Chychrun,OTT,1181.0
20232024,1,0,1,,2023-11-28,2023020332,0,1,0,R,Robertson,WPG,0,0,8480027,1,1,1.0,L,0,0,0,0,,L,0,Jason Robertson,DAL,1033.0
20232024,0,0,0,0.0,2024-03-23,2023021114,0,1,0,H,Hathaway,BOS,0,0,8477903,0,0,0.0,R,0,0,0,0,0.0,R,2,Garnet Hathaway,PHI,986.0
20232024,0,1,1,0.5,2024-04-01,2023021185,0,1,1,R,Reinhart,TOR,0,0,8477933,1,1,1.0,C,0,0,0,0,0.33333,R,3,Sam Reinhart,FLA,1360.0
20232024,0,0,0,0.0,2023-12-22,2023020511,0,1,0,R,Erne,NYR,0,0,8477454,0,0,0.0,L,0,0,0,0,,L,0,Adam Erne,EDM,421.0
20232024,0,0,0,0.52941,2023-11-24,2023020304,0,1,0,H,Barkov,WPG,0,0,8477493,-1,0,0.0,C,0,0,0,0,0.0,L,1,Aleksander Barkov,FLA,1179.0
20232024,0,0,0,,2023-11-26,2023020318,0,1,0,R,Voronkov,CAR,0,0,8481716,-1,0,0.0,L,0,0,0,0,0.0,L,1,Dmitri Voronkov,CBJ,814.0
20232024,0,0,0,0.52631,2023-12-31,2023020566,0,1,0,R,Mittelstadt,OTT,0,0,8479999,-1,0,0.0,C,0,0,0,0,0.0,L,2,Casey Mittelstadt,BUF,1220.0
20232024,0,0,0,,2024-02-13,2023020829,0,1,0,H,Wahlstrom,SEA,0,0,8480789,0,0,0.0,R,0,0,0,0,0.0,R,3,Oliver Wahlstrom,NYI,660.0
20232024,0,0,0,,2023-10-28,2023020124,0,1,0,R,Cuylle,VAN,0,0,8482157,0,0,0.0,L,0,0,0,0,0.0,L,1,Will Cuylle,NYR,736.0
20232024,0,0,0,0.33333,2023-11-27,2023020323,0,1,0,H,Tkachuk,FLA,0,16,8480801,0,0,0.0,L,0,0,0,0,0.0,L,7,Brady Tkachuk,OTT,1005.0
20232024,1,0,1,,2023-11-07,2023020188,0,1,0,R,Marino,COL,0,0,8478507,-3,1,1.0,D,0,0,0,0,,R,0,John Marino,NJD,1319.0
20232024,1,2,3,,2024-04-09,2023021242,0,1,2,H,Gallagher,PHI,0,0,8475848,3,3,3.0,R,0,0,0,0,0.66666,R,3,Brendan Gallagher,MTL,852.0
20232024,1,0,1,,2023-12-14,2023020452,0,1,0,R,Eyssimont,EDM,0,0,8479591,1,1,1.0,C,0,0,0,0,0.0,L,3,Michael Eyssimont,TBL,598.0
20232024,0,1,1,0.0,2024-01-09,2023020626,0,1,1,H,Motte,LAK,0,0,8477353,1,1,1.0,C,0,0,0,0,0.5,L,2,Tyler Motte,TBL,700.0
20232024,0,0,0,0.33333,2024-01-19,2023020705,0,1,0,R,Holmstrom,CHI,0,0,8481601,0,0,0.0,R,0,0,0,0,0.0,L,3,Simon Holmstrom,NYI,784.0
20232024,0,0,0,,2024-03-30,2023021176,0,1,0,H,Miroshnichenko,BOS,0,0,8483491,0,0,0.0,L,0,0,0,0,0.0,R,1,Ivan Miroshnichenko,WSH,554.0
20232024,1,0,0,,2023-12-15,2023020457,0,1,0,H,Reilly,BOS,0,0,8476422,-1,1,1.0,D,0,1,0,0,0.0,L,2,Mike Reilly,NYI,1260.0
20232024,1,0,1,,2023-11-27,2023020325,0,1,0,H,Zary,VGK,0,2,8482074,0,1,1.0,C,0,0,0,0,,L,0,Connor Zary,CGY,714.0
20232024,0,0,0,0.0,2024-02-22,2023020890,0,1,0,R,Lehkonen,DET,0,0,8477476,0,0,0.0,L,0,0,0,0,,L,0,Artturi Lehkonen,COL,1177.0
20232024,0,0,0,,2023-10-17,2023020043,0,1,0,H,Fasching,ARI,0,4,8477392,0,0,0.0,R,0,0,0,0,0.0,R,1,Hudson Fasching,NYI,725.0
20232024,1,0,1,,2024-01-06,2023020615,0,1,0,R,Brannstrom,EDM,0,0,8480073,0,1,1.0,D,0,0,0,0,0.0,L,1,Erik Brannstrom,OTT,751.0
20232024,0,0,0,0.0,2024-02-27,2023020932,0,1,0,H,Boldy,CAR,0,0,8481557,-2,0,0.0,L,0,0,0,0,0.0,L,4,Matt Boldy,MIN,1380.0
20232024,1,0,1,0.0,2023-12-14,2023020451,0,1,0,H,Kapanen,OTT,0,0,8477953,0,1,1.0,R,0,0,0,0,0.0,R,1,Kasperi Kapanen,STL,887.0
20232024,0,1,1,0.75,2023-11-27,2023020321,0,1,1,R,Beecher,CBJ,0,0,8481556,0,1,1.0,C,0,0,0,0,1.0,L,1,John Beecher,BOS,650.0
20232024,1,0,1,,2023-12-27,2023020529,0,1,0,R,Sandin,NYR,0,0,8480873,-2,1,1.0,D,0,0,0,0,0.0,L,1,Rasmus Sandin,WSH,1137.0
20232024,1,0,0,,2024-03-02,2023020958,0,1,0,H,Dunn,EDM,0,0,8478407,0,1,1.0,D,0,1,0,0,0.0,L,2,Vince Dunn,SEA,1481.0
20232024,0,0,0,0.4,2024-04-06,2023021226,0,1,0,H,Rooney,EDM,0,0,8479291,-1,0,0.0,C,0,0,0,0,,L,0,Kevin Rooney,CGY,622.0
20232024,2,0,2,0.25,2023-11-09,2023020197,0,1,1,R,Pettersson,OTT,0,0,8480012,0,3,3.0,C,1,1,0,0,0.5,L,2,Elias Pettersson,VAN,1110.0
20232024,0,1,1,0.375,2024-04-04,2023021207,0,1,1,R,Rantanen,MIN,0,2,8478420,3,1,1.0,R,0,0,0,0,0.25,L,4,Mikko Rantanen,COL,1254.0
20232024,0,2,2,0.55555,2024-01-11,2023020646,0,1,2,R,Matthews,NYI,0,2,8479318,1,2,2.0,C,0,0,0,0,0.5,L,4,Auston Matthews,TOR,1118.0
20232024,1,1,2,,2024-02-22,2023020897,1,1,1,H,Schultz,VAN,0,0,8474602,1,2,2.0,D,0,0,0,0,0.25,R,4,Justin Schultz,SEA,896.0
20232024,0,0,0,,2023-11-02,2023020150,0,1,0,H,Milano,NYI,0,0,8477947,0,0,0.0,L,0,0,0,0,0.0,L,2,Sonny Milano,WSH,769.0
20232024,0,0,0,,2024-02-19,2023020872,0,1,0,R,Dillon,CGY,0,0,8475455,-3,0,0.0,D,0,0,0,0,0.0,L,1,Brenden Dillon,WPG,1101.0
20232024,1,0,1,0.64705,2024-01-09,2023020628,0,1,0,R,Miller,NYI,0,0,8476468,1,1,1.0,C,0,0,0,0,0.0,L,4,J.T. Miller,VAN,1201.0
20232024,0,0,0,,2024-02-13,2023020825,0,1,0,H,Ylonen,ANA,0,0,8481058,1,0,0.0,R,0,0,0,0,,R,0,Jesse Ylonen,MTL,525.0
20232024,0,1,1,0.47058,2024-03-17,2023021074,1,1,1,H,Eichel,NJD,0,0,8478403,0,1,1.0,C,0,0,0,0,0.125,R,8,Jack Eichel,VGK,1310.0
20232024,0,0,0,,2023-11-30,2023020340,0,1,0,R,Addison,BOS,0,0,8480884,-1,0,0.0,D,0,0,0,0,0.0,R,3,Calen Addison,SJS,1303.0
20232024,0,0,0,0.0,2024-02-17,2023020862,0,1,0,H,Kolesar,CAR,0,0,8478434,-1,0,0.0,R,0,0,0,0,,R,0,Keegan Kolesar,VGK,591.0
20232024,0,0,0,0.33333,2023-11-16,2023020244,0,1,0,H,Slafkovský,VGK,0,2,8483515,0,0,0.0,L,0,0,0,0,,L,0,Juraj Slafkovský,MTL,819.0
20232024,0,0,0,0.75,2023-12-08,2023020407,0,1,0,H,Hamblin,MIN,0,0,8480468,-1,0,0.0,L,0,0,0,0,0.0,L,1,James Hamblin,EDM,457.0
20232024,0,0,0,0.6923,2023-12-04,2023020375,0,1,0,R,Seguin,TBL,0,0,8475794,0,0,0.0,C,0,0,0,0,0.0,R,3,Tyler Seguin,DAL,1030.0
20232024,0,0,0,0.5,2024-04-09,2023021248,0,1,0,R,Gaudreau,COL,0,0,8477919,-1,0,0.0,C,0,0,0,0,,R,0,Freddy Gaudreau,MIN,796.0
20232024,0,0,0,1.0,2023-10-24,2023020089,0,1,0,R,Kunin,FLA,0,0,8479316,-1,0,0.0,C,0,0,0,0,0.0,R,3,Luke Kunin,SJS,845.0
20232024,1,0,0,0.5,2023-12-27,2023020535,0,1,1,R,Jarvis,NSH,0,0,8482093,0,2,2.0,R,1,2,0,0,1.0,R,1,Seth Jarvis,CAR,1058.0
20232024,0,1,1,0.25,2023-12-23,2023020524,0,1,1,R,Dickinson,STL,0,0,8477450,3,1,1.0,C,0,0,0,0,0.5,L,2,Jason Dickinson,CHI,1074.0
20232024,0,0,0,0.44444,2024-01-30,2023020776,0,1,0,R,Jenner,STL,0,0,8476432,0,0,0.0,C,0,0,0,0,0.0,L,2,Boone Jenner,CBJ,1146.0
20232024,0,0,0,,2024-02-09,2023020801,0,1,0,R,Graves,MIN,0,0,8477435,0,0,0.0,D,0,0,0,0,0.0,L,3,Ryan Graves,PIT,1013.0
20232024,0,0,0,,2023-10-30,2023020133,0,1,0,R,Shore,TBL,0,0,8476913,0,0,0.0,C,0,0,0,0,0.0,L,1,Devin Shore,SEA,500.0
20232024,0,0,0,1.0,2023-11-16,2023020247,0,1,0,H,Pospisil,VAN,0,4,8481028,0,0,0.0,C,0,0,0,0,,L,0,Martin Pospisil,CGY,746.0
20232024,0,1,1,,2023-11-24,2023020304,1,1,1,R,Niederreiter,FLA,0,0,8475799,1,1,1.0,R,0,0,0,0,0.25,L,4,Nino Niederreiter,WPG,959.0
20232024,1,0,1,0.5,2024-04-11,2023021264,0,1,0,R,Zary,LAK,0,0,8482074,1,1,1.0,C,0,0,0,0,0.0,L,2,Connor Zary,CGY,950.0
20232024,0,0,0,,2023-12-23,2023020523,0,1,0,H,Lyubushkin,SEA,0,0,8480950,0,0,0.0,D,0,0,0,0,,R,0,Ilya Lyubushkin,ANA,646.0
20232024,0,0,0,0.66666,2024-03-23,2023021119,0,1,0,R,Stenlund,NYR,0,0,8478831,-1,0,0.0,C,0,0,0,0,0.0,R,2,Kevin Stenlund,FLA,902.0
20232024,0,0,0,,2024-01-11,2023020649,0,1,0,H,Dermott,CGY,0,0,8478408,-1,0,0.0,D,0,0,0,0,0.0,L,1,Travis Dermott,ARI,1231.0
20232024,2,0,2,,2024-03-19,2023021090,0,1,0,H,Ekholm,MTL,0,0,8475218,2,2,2.0,D,0,0,0,0,0.0,L,2,Mattias Ekholm,EDM,1267.0
20232024,0,0,0,0.57142,2024-03-30,2023021172,0,1,0,H,Evans,CAR,0,0,8478133,0,0,0.0,C,0,0,0,0,0.0,R,1,Jake Evans,MTL,1019.0
20232024,0,1,1,0.8,2024-04-01,2023021181,0,1,1,R,Wagner,CBJ,0,2,8475780,1,1,1.0,R,0,0,0,0,0.5,R,2,Chris Wagner,COL,397.0
20232024,2,1,3,0.0,2023-12-14,2023020449,0,1,1,H,Marner,CBJ,0,0,8478483,1,3,3.0,R,0,0,0,0,0.33333,R,3,Mitch Marner,TOR,1524.0
20232024,0,0,0,,2024-01-06,2023020614,0,1,0,H,Lindell,NSH,0,2,8476902,-3,0,0.0,D,0,0,0,0,0.0,L,2,Esa Lindell,DAL,1055.0
20232024,0,0,0,0.81818,2023-12-09,2023020419,0,1,0,R,Kotkaniemi,VAN,0,2,8480829,1,0,0.0,C,0,0,0,0,0.0,L,1,Jesperi Kotkaniemi,CAR,728.0
20232024,0,0,0,,2023-12-16,2023020463,0,1,0,H,Provorov,NJD,0,0,8478500,1,0,0.0,D,0,0,0,0,0.0,L,1,Ivan Provorov,CBJ,1415.0
20232024,0,0,0,0.6,2023-12-14,2023020454,0,1,0,R,Luostarinen,VAN,0,0,8480185,-2,0,0.0,C,0,0,0,0,,L,0,Eetu Luostarinen,FLA,836.0
20232024,0,0,0,,2023-12-02,2023020361,0,1,0,R,Chiarot,MTL,0,2,8475279,-1,0,0.0,D,0,0,0,0,0.0,L,1,Ben Chiarot,DET,1220.0
20232024,0,2,2,0.0,2024-01-04,2023020600,0,1,2,H,Kempe,DET,0,2,8477960,1,2,2.0,R,0,0,0,0,0.5,L,4,Adrian Kempe,LAK,1295.0
20232024,0,0,0,0.0,2023-10-14,2023020025,0,1,1,R,Coronato,PIT,0,0,8482679,-4,1,1.0,R,1,1,0,0,1.0,R,1,Matt Coronato,CGY,883.0
20232024,1,0,0,,2023-12-10,2023020427,0,1,0,H,Pietrangelo,SJS,0,0,8474565,-1,1,1.0,D,0,1,0,0,,R,0,Alex Pietrangelo,VGK,1547.0
20232024,0,0,0,,2024-03-30,2023021166,0,1,0,H,Zuccarello,VGK,0,0,8475692,-2,0,0.0,R,0,0,0,0,0.0,L,3,Mats Zuccarello,MIN,1069.0
20232024,0,0,0,,2024-02-27,2023020937,0,1,0,R,Ruhwedel,VAN,0,0,8477244,0,0,0.0,D,0,0,0,0,,R,0,Chad Ruhwedel,PIT,807.0
20232024,0,0,0,,2024-02-12,2023020821,0,1,0,R,Durzi,PHI,0,4,8480434,-1,0,0.0,D,0,0,0,0,0.0,R,2,Sean Durzi,ARI,1282.0
20232024,0,0,0,0.36363,2024-03-17,2023021078,0,1,0,R,Compher,PIT,0,0,8477456,-3,0,0.0,L,0,0,0,0,0.0,R,1,J.T. Compher,DET,1227.0
20232024,1,0,1,0.0,2024-04-06,2023021224,0,1,0,R,Holtz,OTT,0,0,8482125,1,1,1.0,R,0,0,0,0,0.0,R,1,Alexander Holtz,NJD,788.0
20232024,0,0,0,0.0,2023-10-26,2023020107,0,1,0,H,Martin,OTT,0,5,8474709,1,0,0.0,L,0,0,0,0,0.0,L,1,Matt Martin,NYI,384.0
20232024,1,0,0,,2024-03-30,2023021165,0,1,0,R,Kane,FLA,0,0,8474141,-1,1,1.0,R,0,1,0,0,0.0,L,2,Patrick Kane,DET,1386.0
20232024,1,0,1,,2023-12-23,2023020526,0,1,0,H,Anderson,CGY,0,0,8479998,3,1,1.0,D,0,0,0,0,0.0,L,2,Mikey Anderson,LAK,1394.0
20232024,0,0,0,0.35714,2024-03-13,2023021043,0,1,0,R,Lapierre,EDM,0,0,8482148,0,0,0.0,C,0,0,0,0,0.0,L,4,Hendrix Lapierre,WSH,970.0
20232024,1,0,1,,2024-03-02,2023020964,0,1,0,R,Fox,TOR,0,0,8479323,2,1,1.0,D,0,0,0,0,0.0,R,3,Adam Fox,NYR,1726.0
20232024,0,0,0,1.0,2024-02-19,2023020873,0,1,0,H,Duclair,VGK,0,0,8477407,-1,0,0.0,L,0,0,0,0,0.0,L,3,Anthony Duclair,SJS,951.0
20232024,1,0,1,0.5,2024-03-03,2023020970,0,1,0,R,Hischier,LAK,0,0,8480002,0,1,1.0,C,0,0,0,0,0.0,L,5,Nico Hischier,NJD,1311.0
20232024,1,0,1,,2024-02-15,2023020840,0,1,0,H,Lindgren,MTL,0,0,8479324,3,1,1.0,D,0,0,0,0,0.0,L,2,Ryan Lindgren,NYR,1117.0
20232024,1,0,0,1.0,2024-02-20,2023020880,0,1,0,R,Zuccarello,WPG,0,0,8475692,-1,1,1.0,R,0,1,0,0,0.0,L,3,Mats Zuccarello,MIN,999.0
20232024,0,0,0,,2024-01-06,2023020609,0,1,0,R,Bogosian,CBJ,0,0,8474567,0,0,0.0,D,0,0,0,0,0.0,R,3,Zach Bogosian,MIN,1284.0
20232024,1,0,0,,2024-03-02,2023020960,0,1,0,H,Jokiharju,VGK,0,0,8480035,2,1,1.0,D,0,0,0,1,0.0,R,2,Henri Jokiharju,BUF,1408.0
20232024,0,0,0,,2023-11-28,2023020331,0,1,0,H,Smith,PIT,0,2,8482062,-1,0,0.0,R,0,0,0,0,,L,0,Cole Smith,NSH,876.0
20232024,1,0,1,,2024-01-06,2023020611,0,1,0,H,Bratt,VAN,0,0,8479407,0,1,1.0,L,0,0,0,0,0.0,L,2,Jesper Bratt,NJD,1378.0
20242025,0,0,0,0.77777,2024-10-28,2024020144,0,1,0,H,Kelly,CHI,0,0,8480448,0,0,0.0,C,0,0,0,0,0.0,L,1,Parker Kelly,COL,720.0
20242025,0,0,0,,2024-10-19,2024020084,0,1,0,R,Carrier,STL,0,0,8477478,0,0,0.0,L,0,0,0,0,,L,0,William Carrier,CAR,517.0
20242025,0,1,1,1.0,2025-02-06,2024020864,0,1,1,R,McMichael,PHI,0,0,8481580,0,1,1.0,L,0,0,0,0,1.0,L,1,Connor McMichael,WSH,889.0
20242025,0,0,0,0.66666,2025-01-26,2024020790,0,1,0,R,Stenlund,OTT,0,0,8478831,0,0,0.0,C,0,0,0,0,,R,0,Kevin Stenlund,UTA,922.0
20242025,0,0,0,0.0,2025-04-01,2024021188,0,1,0,R,Rooney,UTA,0,0,8479291,-1,0,0.0,C,0,0,0,0,0.0,L,1,Kevin Rooney,CGY,444.0
20242025,0,0,0,0.0,2025-02-25,2024020925,0,1,0,H,Lee,NYR,0,0,8475314,0,0,0.0,L,0,0,0,0,0.0,L,2,Anders Lee,NYI,1029.0
20242025,1,0,0,,2025-01-08,2024020652,0,1,0,H,Keller,FLA,0,0,8479343,-2,1,1.0,R,0,1,0,0,0.0,L,2,Clayton Keller,UTA,1247.0
20242025,0,0,0,,2025-01-14,2024020703,0,1,0,R,Schneider,COL,0,0,8482073,-1,0,0.0,D,0,0,0,0,0.0,R,1,Braden Schneider,NYR,959.0
20242025,0,0,0,,2025-01-02,2024020608,0,1,0,H,Dumba,OTT,0,0,8476856,0,0,0.0,D,0,0,0,0,0.0,R,1,Mathew Dumba,DAL,957.0
20242025,0,0,0,0.53846,2025-01-14,2024020702,0,1,0,R,Blueger,WPG,0,0,8476927,-1,0,0.0,C,0,0,0,0,0.0,L,1,Theodor Blueger,VAN,877.0
20242025,0,0,0,,2024-12-07,2024020428,0,1,0,R,Walker,NYI,0,0,8480336,-1,0,0.0,D,0,0,0,0,0.0,R,1,Sean Walker,CAR,876.0
20242025,0,0,0,,2024-12-03,2024020397,0,1,0,H,Dahlin,COL,0,0,8480839,1,0,0.0,D,0,0,0,0,0.0,L,1,Rasmus Dahlin,BUF,1036.0
20242025,0,0,0,0.0,2024-10-10,2024020013,0,1,0,R,Luostarinen,OTT,0,0,8480185,-1,0,0.0,C,0,0,0,0,0.0,L,1,Eetu Luostarinen,FLA,825.0
20242025,0,0,0,0.5,2024-12-08,2024020437,0,1,0,R,Cirelli,VAN,0,0,8478519,0,0,0.0,C,0,0,0,0,0.0,L,2,Anthony Cirelli,TBL,277.0
20242025,0,0,0,,2024-10-15,2024020048,0,1,0,R,Bains,TBL,0,0,8483395,-1,0,0.0,L,0,0,0,0,0.0,L,1,Arshdeep Bains,VAN,779.0
20242025,0,0,0,,2025-04-03,2024021203,0,1,0,R,Gudas,CGY,0,2,8475462,-1,0,0.0,D,0,0,0,0,0.0,R,5,Radko Gudas,ANA,1335.0
20242025,0,0,0,,2025-02-07,2024020874,0,1,0,R,de Haan,EDM,0,0,8475177,-1,0,0.0,D,0,0,0,0,,L,0,Calvin de Haan,COL,782.0
20242025,0,0,0,,2025-01-23,2024020762,0,1,0,H,Chiarot,MTL,0,0,8475279,1,0,0.0,D,0,0,0,0,0.0,L,1,Ben Chiarot,DET,1452.0
20242025,0,0,0,0.4,2025-03-29,2024021166,0,1,1,R,Geekie,DET,0,0,8479987,-1,1,1.0,C,1,1,0,0,1.0,R,1,Morgan Geekie,BOS,1263.0
20242025,1,0,1,0.6,2024-12-05,2024020415,0,1,0,R,Kelly,CAR,0,0,8480448,1,1,1.0,C,0,0,0,0,,L,0,Parker Kelly,COL,637.0
20242025,0,0,0,,2024-10-09,2024020007,0,1,0,H,Pettersson,NYR,0,2,8477969,-2,0,0.0,D,0,0,0,0,,L,0,Marcus Pettersson,PIT,1236.0
20242025,2,0,1,0.5,2024-11-23,2024020328,0,1,0,R,Necas,CBJ,0,0,8480039,-1,2,2.0,C,0,1,0,0,,R,0,Martin Necas,CAR,1216.0
20242025,1,0,1,,2024-12-05,2024020413,0,1,0,H,Cernak,SJS,0,0,8478416,3,1,1.0,D,0,0,0,0,,R,0,Erik Cernak,TBL,1035.0
20242025,0,0,0,0.57142,2024-10-28,2024020145,0,1,0,R,Goodrow,UTA,0,0,8476624,-2,0,0.0,C,0,0,0,0,0.0,L,2,Barclay Goodrow,SJS,1097.0
20242025,1,0,1,,2024-12-30,2024020586,0,1,0,H,Forsling,NYR,0,0,8478055,2,1,1.0,D,0,0,0,0,0.0,L,2,Gustav Forsling,FLA,1569.0
20242025,0,1,1,,2025-01-31,2024020825,0,1,1,R,Marchenko,UTA,0,0,8480893,0,1,1.0,R,0,0,0,0,1.0,R,1,Kirill Marchenko,CBJ,1141.0
20242025,0,0,0,0.0,2024-12-12,2024020463,0,1,0,H,Marchenko,WSH,0,0,8480893,0,0,0.0,R,0,0,0,0,0.0,R,5,Kirill Marchenko,CBJ,1083.0
20242025,0,2,2,,2024-12-04,2024020407,1,1,2,R,Marchand,CHI,0,0,8473419,2,2,2.0,L,0,0,0,0,0.66666,L,3,Brad Marchand,BOS,1092.0
20242025,0,0,0,,2024-10-24,2024020111,0,1,0,R,Dillon,DET,0,7,8475455,0,0,0.0,D,0,0,0,0,,L,0,Brenden Dillon,NJD,991.0
20242025,1,0,0,,2025-01-13,2024020689,0,1,0,H,Drysdale,FLA,0,0,8482142,-1,1,1.0,D,0,1,0,0,,R,0,Jamie Drysdale,PHI,1053.0
20242025,1,0,1,0.75,2024-11-01,2024020169,0,1,0,H,McLeod,NYI,0,0,8480802,0,1,1.0,C,0,0,0,0,,L,0,Ryan McLeod,BUF,982.0
20242025,0,0,0,,2025-03-20,2024021094,0,1,0,R,Carrier,NYI,0,0,8478851,0,0,0.0,D,0,0,0,0,0.0,R,1,Alexandre Carrier,MTL,1153.0
20242025,0,1,1,,2025-04-11,2024021263,0,1,1,R,Thrun,EDM,0,0,8481567,0,1,1.0,D,0,0,0,0,1.0,L,1,Henry Thrun,SJS,1368.0
20242025,1,0,1,,2025-04-12,2024021265,0,1,0,R,Mayfield,PHI,0,0,8476429,1,1,1.0,D,0,0,0,0,0.0,R,1,Scott Mayfield,NYI,1056.0
20242025,0,0,0,,2024-10-17,2024020066,0,1,0,H,Sandin,DAL,0,0,8480873,1,0,0.0,D,0,0,0,0,0.0,L,1,Rasmus Sandin,WSH,1109.0
20242025,0,0,0,,2025-01-11,2024020669,0,1,0,H,Mikkola,BOS,0,0,8478859,-1,0,0.0,D,0,0,0,0,0.0,L,2,Niko Mikkola,FLA,1241.0
20242025,1,2,2,,2025-01-23,2024020768,0,1,2,H,Hyman,VAN,0,0,8475786,2,3,3.0,L,0,1,0,0,0.33333,R,6,Zach Hyman,EDM,1160.0
20242025,1,1,1,0.0,2024-12-16,2024020495,1,1,1,R,Verhaeghe,EDM,0,0,8477409,-1,2,2.0,C,0,1,0,0,0.25,L,4,Carter Verhaeghe,FLA,1294.0
20242025,1,0,1,,2025-03-03,2024020968,0,1,0,R,Gilbert,MTL,0,0,8478502,0,1,1.0,D,0,0,0,0,,L,0,Dennis Gilbert,BUF,700.0
20242025,0,0,0,,2024-11-25,2024020344,0,1,0,R,Moore,SJS,0,0,8479675,-3,0,0.0,L,0,0,0,0,,L,0,Trevor Moore,LAK,1030.0
20242025,2,0,2,0.5,2024-12-01,2024020389,0,1,0,R,Suzuki,BOS,0,0,8480018,-1,2,2.0,C,0,0,0,0,0.0,R,4,Nick Suzuki,MTL,1100.0
20242025,0,0,0,0.36363,2024-11-27,2024020352,0,1,0,R,Holmberg,FLA,0,0,8480995,0,0,0.0,R,0,0,0,0,,L,0,Pontus Holmberg,TOR,1028.0
20242025,0,0,0,,2024-10-15,2024020048,0,1,0,R,Hronek,TBL,0,0,8479425,-1,0,0.0,D,0,0,0,0,0.0,R,1,Filip Hronek,VAN,1464.0
20242025,0,0,0,,2025-03-20,2024021091,0,1,0,H,Lafrenière,TOR,0,0,8482109,-1,0,0.0,L,0,0,0,0,0.0,L,2,Alexis Lafrenière,NYR,1011.0
20242025,1,0,1,0.53846,2025-01-18,2024020723,0,1,0,H,Pinto,BOS,0,0,8481596,-1,1,1.0,C,0,0,0,0,0.0,R,8,Shane Pinto,OTT,1152.0
20242025,0,0,0,,2024-12-16,2024020496,0,1,0,H,Desharnais,COL,0,0,8479576,0,0,0.0,D,0,0,0,0,0.0,R,2,Vincent Desharnais,VAN,984.0
20242025,1,0,1,0.58333,2025-03-06,2024020992,0,1,0,H,Kotkaniemi,BOS,0,0,8480829,1,1,1.0,C,0,0,0,0,,L,0,Jesperi Kotkaniemi,CAR,771.0
20242025,0,0,0,,2025-01-18,2024020731,0,1,0,H,Mayfield,SJS,0,0,8476429,1,0,0.0,D,0,0,0,0,0.0,R,2,Scott Mayfield,NYI,1011.0
20242025,0,0,0,,2024-12-28,2024020574,0,1,0,H,Iafallo,OTT,0,0,8480113,0,0,0.0,L,0,0,0,0,,L,0,Alex Iafallo,WPG,718.0
20242025,1,0,1,0.4,2025-03-04,2024020980,0,1,0,H,Kelly,PIT,0,0,8480448,1,1,1.0,C,0,0,0,0,0.0,L,1,Parker Kelly,COL,776.0
20242025,0,0,0,,2024-11-21,2024020315,0,1,0,H,Kapanen,MIN,0,0,8477953,-1,0,0.0,R,0,0,0,0,0.0,R,1,Kasperi Kapanen,EDM,730.0
20242025,0,0,0,,2024-12-21,2024020536,1,1,1,H,Ehlers,MIN,0,2,8477940,1,1,1.0,L,1,1,0,0,0.33333,L,3,Nikolaj Ehlers,WPG,819.0
20242025,1,0,1,,2024-11-29,2024020371,0,1,0,R,Schwartz,SJS,0,0,8475768,-2,1,1.0,L,0,0,0,0,,L,0,Jaden Schwartz,SEA,1090.0
20242025,0,0,0,,2025-02-04,2024020855,0,1,0,R,Girard,VAN,0,0,8479398,-1,0,0.0,D,0,0,0,0,0.0,L,2,Samuel Girard,COL,1155.0
20242025,0,0,0,,2024-10-15,2024020053,0,1,0,R,Burakovsky,NSH,0,0,8477444,0,0,0.0,L,0,0,0,0,0.0,L,1,Andre Burakovsky,SEA,906.0
20242025,0,0,0,0.55555,2025-04-15,2024021292,0,1,0,H,McLeod,TOR,0,0,8480802,-1,0,0.0,C,0,0,0,0,0.0,L,2,Ryan McLeod,BUF,982.0
20242025,0,0,0,,2024-11-19,2024020298,0,1,0,H,Murphy,ANA,0,0,8476473,0,0,0.0,D,0,0,0,0,,R,0,Connor Murphy,CHI,1212.0
20242025,0,0,0,,2025-04-17,2024020653,0,1,0,H,Anderson,CGY,0,0,8479998,-2,0,0.0,D,0,0,0,0,0.0,L,1,Mikey Anderson,LAK,1218.0
20242025,0,0,0,,2024-12-07,2024020425,0,1,0,H,Zadorov,PHI,0,0,8477507,1,0,0.0,D,0,0,0,0,0.0,L,2,Nikita Zadorov,BOS,1304.0
20242025,0,0,0,,2024-11-02,2024020180,0,1,0,R,Xhekaj,PIT,0,6,8482964,1,0,0.0,D,0,0,0,0,0.0,L,2,Arber Xhekaj,MTL,736.0
20242025,1,0,0,,2024-12-03,2024020404,0,1,0,H,Weegar,CBJ,0,0,8477346,0,1,1.0,D,0,1,0,0,0.0,R,1,MacKenzie Weegar,CGY,1420.0
20242025,1,0,1,0.0,2024-10-26,2024020130,0,1,0,R,Luostarinen,NYI,0,0,8480185,0,1,1.0,C,0,0,0,0,0.0,L,1,Eetu Luostarinen,FLA,1066.0
20242025,1,0,1,,2025-01-02,2024020608,0,1,0,H,Dadonov,OTT,0,0,8474149,1,1,1.0,L,0,0,0,0,,L,0,Evgenii Dadonov,DAL,660.0
20242025,1,0,0,0.5,2024-11-27,2024020354,0,1,0,H,Malkin,VAN,0,0,8471215,-2,1,1.0,C,0,1,0,0,0.0,L,1,Evgeni Malkin,PIT,1125.0
20242025,0,1,1,0.0,2024-10-16,2024020057,0,1,1,H,Rakell,BUF,0,0,8476483,0,1,1.0,R,0,0,0,0,0.33333,R,3,Rickard Rakell,PIT,1052.0
20242025,0,0,0,,2024-12-04,2024020408,0,1,0,R,McNabb,ANA,0,0,8475188,2,0,0.0,D,0,0,0,0,0.0,L,1,Brayden McNabb,VGK,1381.0
20242025,0,0,0,0.0,2024-12-05,2024020411,0,1,0,R,Marchessault,MTL,0,0,8476539,-2,0,0.0,R,0,0,0,0,0.0,R,5,Jonathan Marchessault,NSH,1183.0
20242025,1,0,1,,2024-11-22,2024020317,0,1,0,H,Zellweger,BUF,0,0,8482803,0,1,1.0,D,0,0,0,0,0.0,L,1,Olen Zellweger,ANA,1268.0
20242025,0,0,0,0.57142,2024-12-27,2024020560,0,1,0,R,Staal,NJD,0,0,8473533,-2,0,0.0,C,0,0,0,0,0.0,L,1,Jordan Staal,CAR,834.0
20242025,1,0,0,,2025-01-04,2024020625,0,1,0,R,Neighbours,CBJ,0,0,8482089,0,1,1.0,L,0,1,0,0,0.0,L,3,Jake Neighbours,STL,899.0
20242025,0,0,0,,2024-12-30,2024020587,0,1,0,H,Pionk,NSH,0,0,8480145,0,0,0.0,D,0,0,0,0,0.0,R,2,Neal Pionk,WPG,1280.0
20242025,0,1,1,0.0,2024-11-12,2024020250,0,1,1,R,Kirkland,VAN,0,0,8477993,1,1,1.0,C,0,0,0,0,1.0,L,1,Justin Kirkland,CGY,579.0
20242025,1,0,1,0.44444,2024-11-13,2024020253,0,1,0,H,Dubois,TOR,0,0,8479400,-1,1,1.0,C,0,0,0,0,0.0,L,1,Pierre-Luc Dubois,WSH,1069.0
20242025,0,0,0,,2024-10-14,2024020042,0,1,0,H,Lindholm,FLA,0,0,8476854,-2,0,0.0,D,0,0,0,0,0.0,L,1,Hampus Lindholm,BOS,1260.0
20242025,0,0,0,0.66666,2024-12-31,2024020596,0,1,0,H,Khusnutdinov,NSH,0,0,8482177,-1,0,0.0,C,0,0,0,0,0.0,L,1,Marat Khusnutdinov,MIN,496.0
20242025,2,0,2,0.5,2024-11-07,2024020214,0,1,0,H,Aho,PIT,0,0,8478427,2,2,2.0,C,0,0,0,0,0.0,L,3,Sebastian Aho,CAR,1025.0
20242025,0,0,0,,2024-10-29,2024020148,0,1,0,H,Pastrnak,PHI,0,0,8477956,-1,0,0.0,R,0,0,0,0,0.0,R,3,David Pastrnak,BOS,1329.0
20242025,0,1,1,,2025-01-07,2024020644,1,1,1,R,Knies,PHI,0,2,8482720,1,1,1.0,L,0,0,0,0,1.0,L,1,Matthew Knies,TOR,1089.0
20242025,2,0,2,,2025-04-03,2024021205,0,1,0,H,Ferraro,EDM,0,0,8479983,2,2,2.0,D,0,0,0,0,0.0,L,2,Mario Ferraro,SJS,1481.0
20242025,1,0,1,0.33333,2025-04-03,2024021200,0,1,1,R,Rakell,STL,0,0,8476483,1,2,2.0,R,1,1,0,0,0.2,R,5,Rickard Rakell,PIT,1046.0
20242025,1,0,1,0.66666,2025-03-10,2024021024,0,1,0,H,McBain,TOR,0,0,8480855,1,1,1.0,C,0,0,0,0,0.0,L,1,Jack McBain,UTA,857.0
20242025,1,0,0,0.0,2025-03-23,2024021119,0,1,0,H,Perfetti,BUF,0,0,8482149,-2,1,1.0,C,0,1,0,0,0.0,L,1,Cole Perfetti,WPG,876.0
20242025,1,0,1,0.0,2025-01-14,2024020692,0,1,0,H,Poitras,TBL,0,0,8483505,1,1,1.0,C,0,0,0,0,0.0,R,1,Matthew Poitras,BOS,845.0
20242025,1,0,1,,2025-02-22,2024020897,0,1,0,R,Dumba,NJD,0,0,8476856,1,1,1.0,D,0,0,0,0,,R,0,Mathew Dumba,DAL,885.0
20242025,0,0,0,0.6,2024-12-20,2024020522,0,1,0,R,Newhook,DET,0,0,8481618,-1,0,0.0,C,0,0,0,0,0.0,L,1,Alex Newhook,MTL,768.0
20242025,0,0,0,,2024-12-07,2024020429,0,1,0,H,Forsling,SJS,0,0,8478055,1,0,0.0,D,0,0,0,0,0.0,L,6,Gustav Forsling,FLA,1258.0
20242025,0,0,0,0.63636,2025-01-28,2024020805,0,1,0,R,Blackwell,VGK,0,0,8476278,0,0,0.0,C,0,0,0,0,0.0,R,2,Colin Blackwell,DAL,627.0
20242025,0,0,0,0.46666,2024-12-19,2024020520,0,1,0,H,Granlund,COL,0,0,8475798,1,0,0.0,C,0,0,0,0,0.0,L,3,Mikael Granlund,SJS,1539.0
20242025,1,0,1,,2024-12-14,2024020475,0,1,0,R,Anderson,NYR,0,4,8479998,0,1,1.0,D,0,0,0,0,0.0,L,1,Mikey Anderson,LAK,1188.0
20242025,0,0,0,0.55,2025-01-23,2024020762,0,1,0,R,Suzuki,DET,0,2,8480018,-2,0,0.0,C,0,0,0,0,0.0,R,2,Nick Suzuki,MTL,1221.0
20242025,0,0,0,0.42857,2024-10-26,2024020123,0,1,0,R,Khusnutdinov,PHI,0,0,8482177,-2,0,0.0,C,0,0,0,0,,L,0,Marat Khusnutdinov,MIN,505.0
20242025,0,0,0,,2025-01-09,2024020656,0,1,0,R,MacDermid,NYR,0,2,8477073,0,0,0.0,L,0,0,0,0,0.0,L,1,Kurtis MacDermid,NJD,225.0
20242025,1,0,1,0.3,2024-10-21,2024020091,0,1,0,H,Tavares,TBL,0,2,8475166,1,1,1.0,C,0,0,0,0,0.0,L,4,John Tavares,TOR,992.0
20242025,0,0,0,0.125,2024-10-14,2024020042,0,1,0,R,Giles,BOS,0,0,8480825,-1,0,0.0,R,0,0,0,0,,R,0,Patrick Giles,FLA,588.0
20242025,0,0,0,,2024-10-17,2024020062,0,1,0,H,MacEwen,NJD,0,0,8479772,0,0,0.0,R,0,0,0,0,,R,0,Zack MacEwen,OTT,590.0
20242025,0,0,0,0.66666,2025-01-28,2024020805,0,1,0,R,Benn,VGK,0,0,8473994,1,0,0.0,L,0,0,0,0,0.0,L,1,Jamie Benn,DAL,912.0
20242025,0,0,0,0.5,2024-12-31,2024020598,0,1,0,R,Mercer,ANA,0,0,8482110,0,0,0.0,C,0,0,0,0,0.0,R,4,Dawson Mercer,NJD,1058.0
20242025,0,0,0,,2024-10-12,2024020026,0,1,0,R,Rust,TOR,0,2,8475810,-2,0,0.0,R,0,0,0,0,0.0,R,2,Bryan Rust,PIT,1207.0
20242025,0,1,1,0.55,2024-11-27,2024020361,0,1,1,H,Celebrini,OTT,0,0,8484801,0,1,1.0,C,0,0,0,0,0.33333,L,3,Macklin Celebrini,SJS,1530.0
20242025,0,0,0,,2024-10-09,2024020010,0,1,0,R,Ivan,VGK,0,0,8483930,0,0,0.0,C,0,0,0,0,,L,0,Ivan Ivan,COL,584.0
20252026,1,0,0,0.55555,2025-12-31,2025020623,0,1,0,R,Haula,VGK,0,2,8475287,1,1,1.0,L,0,1,0,0,0.0,L,1,Erik Haula,NSH,1096.0
20252026,0,1,1,,2025-11-28,2025020380,0,1,1,R,Kuznetsov,FLA,0,0,8482165,0,1,1.0,D,0,0,0,0,0.5,L,2,Yan Kuznetsov,CGY,1356.0
20252026,0,0,0,0.53333,2025-11-17,2025020302,0,1,0,R,Henrique,BUF,0,0,8474641,0,0,0.0,C,0,0,0,0,0.0,L,2,Adam Henrique,EDM,803.0
20252026,0,0,0,0.5,2026-03-10,2025021015,0,1,0,H,Gourde,CBJ,0,0,8476826,-1,0,0.0,C,0,0,0,0,,L,0,Yanni Gourde,TBL,931.0
20252026,0,0,0,,2025-10-09,2025020008,0,1,0,H,Zadorov,CHI,0,2,8477507,0,0,0.0,D,0,0,0,0,0.0,L,1,Nikita Zadorov,BOS,1511.0
20252026,2,0,1,,2025-10-16,2025020069,0,1,0,H,Marner,BOS,0,0,8478483,1,2,2.0,R,0,1,0,0,,R,0,Mitch Marner,VGK,1267.0
20252026,1,0,1,,2026-04-11,2025021266,0,1,0,R,Neighbours,CHI,0,0,8482089,1,1,1.0,L,0,0,0,0,0.0,L,1,Jake Neighbours,STL,827.0
20252026,0,1,1,,2026-04-09,2025021258,1,1,3,H,Carlson,SJS,0,0,8474590,2,3,3.0,D,2,2,0,0,1.0,R,3,John Carlson,ANA,1216.0
20252026,0,0,0,,2026-01-19,2025020779,0,1,0,R,Brodzinski,ANA,0,0,8477380,0,0,0.0,C,0,0,0,0,0.0,R,1,Jonny Brodzinski,NYR,499.0
20252026,0,1,1,,2026-01-25,2025020820,0,1,1,H,Evans,NJD,0,0,8482858,2,1,1.0,D,0,0,0,0,1.0,L,1,Ryker Evans,SEA,1003.0
20252026,0,0,0,,2025-11-11,2025020257,0,1,0,R,Anderson,MTL,0,0,8479998,2,0,0.0,D,0,0,0,0,,L,0,Mikey Anderson,LAK,1232.0
20252026,0,0,0,,2026-03-21,2025021102,0,1,0,H,Edmundson,BUF,0,0,8476441,-2,0,0.0,D,0,0,0,0,,L,0,Joel Edmundson,LAK,1048.0
20252026,0,0,0,0.27272,2026-01-10,2025020701,0,1,0,H,Ostlund,ANA,0,0,8483500,0,0,0.0,C,0,0,0,0,,L,0,Noah Ostlund,BUF,632.0
20252026,0,0,0,,2025-11-22,2025020343,0,1,0,R,Nielsen,NSH,0,0,8483039,0,0,0.0,C,0,0,0,0,0.0,L,1,Tristen Nielsen,COL,411.0
20252026,0,0,0,,2025-11-06,2025020225,0,1,0,H,Howden,TBL,0,0,8479353,0,0,0.0,C,0,0,0,0,,L,0,Brett Howden,VGK,910.0
20252026,0,0,0,0.38461,2025-10-16,2025020064,0,1,1,H,Hughes,FLA,0,0,8481559,-1,1,1.0,C,1,1,0,0,0.125,L,8,Jack Hughes,NJD,1298.0
20252026,0,0,0,,2026-03-31,2025021185,0,1,0,R,Walker,CBJ,0,0,8480336,0,0,0.0,D,0,0,0,0,0.0,R,3,Sean Walker,CAR,1072.0
20252026,0,0,0,,2025-11-01,2025020182,0,1,0,R,Mantha,WPG,0,0,8477511,0,0,0.0,R,0,0,0,0,0.0,L,1,Anthony Mantha,PIT,890.0
20252026,1,0,1,,2026-01-24,2025020817,0,1,0,R,Ekblad,MIN,0,0,8477932,1,1,1.0,D,0,0,0,0,0.0,R,1,Aaron Ekblad,FLA,1257.0
20252026,0,0,0,0.33333,2025-11-09,2025020249,0,1,0,H,Zuccarello,CGY,0,0,8475692,0,0,0.0,R,0,0,0,0,0.0,L,2,Mats Zuccarello,MIN,1050.0
20252026,1,0,0,,2025-12-20,2025020555,0,1,0,R,Kane,BOS,0,2,8475169,0,1,1.0,L,0,1,0,0,0.0,L,2,Evander Kane,VAN,1179.0
20252026,0,0,0,,2025-10-11,2025020030,0,1,0,R,Zamula,CAR,0,2,8481178,0,0,0.0,D,0,0,0,0,,L,0,Egor Zamula,PHI,1006.0
20252026,0,0,0,,2026-02-04,2025020899,0,1,0,H,Lyubushkin,STL,0,0,8480950,-1,0,0.0,D,0,0,0,0,,R,0,Ilya Lyubushkin,DAL,932.0
20252026,0,0,0,,2026-04-15,2025021306,0,1,0,R,Eberle,VGK,0,0,8474586,-1,0,0.0,R,0,0,0,0,,R,0,Jordan Eberle,SEA,901.0
20252026,0,0,0,,2026-01-08,2025020682,0,1,0,R,Kuznetsov,BOS,0,0,8482165,-1,0,0.0,D,0,0,0,0,0.0,L,1,Yan Kuznetsov,CGY,1180.0
20252026,0,0,0,0.33333,2025-11-11,2025020256,0,1,0,H,Minten,TOR,0,0,8483489,2,0,0.0,C,0,0,0,0,,L,0,Fraser Minten,BOS,784.0
20252026,1,0,1,,2026-03-26,2025021139,0,1,0,H,Raddysh,SEA,0,0,8478178,1,1,1.0,D,0,0,0,0,0.0,R,5,Darren Raddysh,TBL,1605.0
20252026,0,0,0,,2025-10-23,2025020121,0,1,0,R,Chatfield,COL,0,2,8478970,0,0,0.0,D,0,0,0,0,0.0,R,4,Jalen Chatfield,CAR,1385.0
20252026,0,0,0,,2026-03-05,2025020976,0,1,0,R,Yamamoto,PHI,0,0,8479977,0,0,0.0,R,0,0,0,0,0.0,R,2,Kailer Yamamoto,UTA,784.0
20252026,0,0,0,,2026-04-02,2025021194,0,1,0,H,Nemec,WSH,0,0,8483495,-1,0,0.0,D,0,0,0,0,0.0,R,2,Simon Nemec,NJD,1109.0
20252026,0,0,0,,2026-03-14,2025021052,0,1,0,H,Grundstrom,CBJ,0,7,8479336,0,0,0.0,R,0,0,0,0,,L,0,Carl Grundstrom,PHI,651.0
20252026,0,0,0,0.33333,2026-04-02,2025021204,0,1,0,H,Byfield,NSH,0,0,8482124,0,0,0.0,R,0,0,0,0,0.0,L,2,Quinton Byfield,LAK,1327.0
20252026,0,0,0,0.63636,2026-04-07,2025021235,0,1,0,H,Compher,CBJ,0,0,8477456,-2,0,0.0,L,0,0,0,0,0.0,R,1,J.T. Compher,DET,1174.0
20252026,0,0,0,0.55555,2026-03-19,2025021088,0,1,0,R,Greene,MIN,0,2,8483450,-1,0,0.0,C,0,0,0,0,0.0,R,1,Ryan Greene,CHI,1191.0
20252026,0,0,0,,2025-12-18,2025020534,0,1,0,R,Ekholm,BOS,0,0,8475218,1,0,0.0,D,0,0,0,0,0.0,L,1,Mattias Ekholm,EDM,1353.0
20252026,1,0,1,0.47058,2026-02-25,2025020915,0,1,0,H,Pettersson,WPG,0,0,8480012,-1,1,1.0,C,0,0,0,0,,L,0,Elias Pettersson,VAN,985.0
20252026,0,0,0,,2025-12-13,2025020503,0,1,1,R,Chychrun,WPG,0,0,8479345,-1,1,1.0,D,1,1,0,0,0.33333,L,3,Jakob Chychrun,WSH,1180.0
20252026,1,1,2,,2025-11-07,2025020227,0,1,1,R,Lafrenière,DET,0,0,8482109,1,2,2.0,L,0,0,0,0,1.0,L,1,Alexis Lafrenière,NYR,995.0
20252026,1,0,1,,2025-11-02,2025020197,0,1,0,R,Mercer,ANA,0,2,8482110,-2,1,1.0,C,0,0,0,0,0.0,R,1,Dawson Mercer,NJD,995.0
20252026,0,0,0,0.0,2025-12-13,2025020495,0,1,0,H,Crookshank,ANA,0,0,8481065,0,0,0.0,C,0,0,0,0,,L,0,Angus Crookshank,NJD,467.0
20252026,0,0,0,,2025-11-07,2025020230,0,1,0,H,Liljegren,WPG,0,2,8480043,1,0,0.0,D,0,0,0,0,0.0,R,1,Timothy Liljegren,SJS,1213.0
20252026,1,0,1,0.6923,2026-03-27,2025021151,0,1,0,H,Trocheck,CHI,0,0,8476389,0,1,1.0,C,0,0,0,0,,R,0,Vincent Trocheck,NYR,1113.0
20252026,1,0,1,,2025-11-06,2025020218,0,1,0,R,Perron,BOS,0,0,8474102,1,1,1.0,L,0,0,0,0,0.0,R,1,David Perron,OTT,797.0
20252026,0,0,0,0.5,2025-10-21,2025020101,0,1,0,R,LaBate,PIT,0,0,8476425,-1,0,0.0,C,0,0,0,0,0.0,L,2,Joseph LaBate,VAN,572.0
20252026,0,1,1,,2025-11-28,2025020377,0,1,1,R,Hagel,DET,0,2,8479542,1,1,1.0,L,0,0,0,0,0.2,L,5,Brandon Hagel,TBL,919.0
20252026,1,0,1,,2026-04-05,2025021222,0,1,0,R,Faber,DET,0,0,8482122,0,1,1.0,D,0,0,0,0,0.0,R,1,Brock Faber,MIN,1413.0
20252026,0,0,0,,2026-04-02,2025021193,0,1,0,R,Jeannot,FLA,0,0,8479661,0,0,0.0,L,0,0,0,0,0.0,L,1,Tanner Jeannot,BOS,762.0
20252026,0,0,0,0.58333,2025-11-26,2025020366,0,1,0,H,Crosby,BUF,0,0,8471675,1,0,0.0,C,0,0,0,0,0.0,L,4,Sidney Crosby,PIT,1126.0
20252026,1,0,1,,2026-03-19,2025021085,0,1,0,H,Kane,MTL,0,0,8474141,2,1,1.0,R,0,0,0,0,0.0,L,3,Patrick Kane,DET,1047.0
20252026,0,0,0,,2025-10-13,2025020045,0,1,0,R,Nemec,CBJ,0,2,8483495,0,0,0.0,D,0,0,0,0,,R,0,Simon Nemec,NJD,845.0
20252026,0,1,1,,2026-03-08,2025021007,0,1,1,R,Podkolzin,VGK,0,0,8481617,1,1,1.0,R,0,0,0,0,1.0,L,1,Vasily Podkolzin,EDM,905.0
20252026,0,0,0,0.25,2025-12-21,2025020568,0,1,0,H,Johnston,TOR,0,0,8482740,1,0,0.0,C,0,0,0,0,0.0,R,2,Wyatt Johnston,DAL,920.0
20252026,1,0,1,0.35714,2026-01-23,2025020809,0,1,0,R,Granlund,SEA,0,0,8475798,0,1,1.0,C,0,0,0,0,0.0,L,2,Mikael Granlund,ANA,1131.0
20252026,0,0,0,,2025-10-28,2025020155,0,1,0,R,Holtz,CAR,0,0,8482125,1,0,0.0,R,0,0,0,0,0.0,R,5,Alexander Holtz,VGK,819.0
20252026,0,0,0,,2026-03-24,2025021130,0,1,0,R,Kovacevic,DAL,0,0,8480192,0,0,0.0,D,0,0,0,0,,R,0,Johnathan Kovacevic,NJD,1152.0
20252026,1,0,1,,2026-04-04,2025021208,0,1,0,R,Kaprizov,OTT,0,0,8478864,2,1,1.0,L,0,0,0,0,0.0,L,2,Kirill Kaprizov,MIN,1076.0
20252026,0,0,0,,2025-11-19,2025020318,0,1,0,H,Vatrano,BOS,0,5,8478366,0,0,0.0,R,0,0,0,0,0.0,L,4,Frank Vatrano,ANA,862.0
20252026,0,0,0,,2025-10-25,2025020127,0,1,0,H,Sanheim,NYI,0,2,8477948,1,0,0.0,D,0,0,0,0,,L,0,Travis Sanheim,PHI,1627.0
20252026,0,0,0,,2026-03-13,2025021042,0,1,0,R,Ekholm,STL,0,0,8475218,0,0,0.0,D,0,0,0,0,0.0,L,4,Mattias Ekholm,EDM,1247.0
20252026,0,0,0,,2026-04-11,2025021275,0,1,0,R,Boeser,SJS,0,0,8478444,-2,0,0.0,R,0,0,0,0,0.0,R,2,Brock Boeser,VAN,1290.0
20252026,0,2,2,,2026-03-15,2025021060,0,1,2,H,Tarasenko,TOR,0,0,8475765,0,2,2.0,R,0,0,0,0,0.5,L,4,Vladimir Tarasenko,MIN,1015.0
20252026,0,0,0,,2025-11-29,2025020394,0,1,0,H,Aspirot,DET,0,2,8481219,0,0,0.0,D,0,0,0,0,0.0,L,3,Jonathan Aspirot,BOS,1181.0
20252026,0,0,0,0.38461,2025-12-03,2025020425,0,1,0,H,Wennberg,WSH,0,0,8477505,-2,0,0.0,C,0,0,0,0,0.0,L,1,Alexander Wennberg,SJS,1157.0
20252026,0,0,0,,2025-10-13,2025020041,0,1,0,R,Stastney,OTT,0,0,8481056,1,0,0.0,D,0,0,0,0,0.0,L,1,Spencer Stastney,NSH,823.0
20252026,0,0,0,0.57142,2025-12-05,2025020436,0,1,0,H,Glass,VGK,0,0,8479996,0,0,0.0,C,0,0,0,0,0.0,R,1,Cody Glass,NJD,907.0
20252026,0,1,1,1.0,2025-11-08,2025020238,0,1,1,H,Jarvis,BUF,0,0,8482093,1,1,1.0,R,0,0,0,0,1.0,R,1,Seth Jarvis,CAR,1069.0
20252026,0,0,0,0.66666,2025-12-04,2025020428,0,1,0,R,Crosby,TBL,0,2,8471675,-1,0,0.0,C,0,0,0,0,0.0,L,1,Sidney Crosby,PIT,1290.0
20252026,0,0,0,,2026-01-29,2025020847,0,1,0,R,Koepke,TBL,0,0,8481043,0,0,0.0,L,0,0,0,0,,L,0,Cole Koepke,WPG,560.0
20252026,0,0,0,0.54545,2026-03-07,2025020992,0,1,1,R,Wood,BUF,0,0,8484241,-1,1,1.0,R,1,1,0,0,0.33333,R,3,Matthew Wood,NSH,957.0
20252026,0,1,1,,2026-04-14,2025021300,0,1,1,H,Buium,LAK,0,0,8484798,-1,1,1.0,D,0,0,0,0,0.5,L,2,Zeev Buium,VAN,1500.0
20252026,0,0,0,0.75,2025-12-06,2025020441,0,1,0,R,Landeskog,NYR,0,0,8476455,0,0,0.0,L,0,0,0,0,0.0,L,7,Gabriel Landeskog,COL,916.0
20252026,0,0,0,,2025-11-23,2025020349,0,1,0,R,Evans,NYI,0,0,8482858,0,0,0.0,D,0,0,0,0,,L,0,Ryker Evans,SEA,1181.0
20252026,0,0,0,0.0,2026-03-09,2025021009,0,1,1,R,Coleman,WSH,0,0,8476399,0,1,1.0,L,0,0,1,1,0.16666,L,6,Blake Coleman,CGY,1099.0
20252026,1,0,1,0.55555,2026-03-31,2025021178,0,1,0,H,Zacha,DAL,0,0,8478401,1,1,1.0,C,0,0,0,0,0.0,L,1,Pavel Zacha,BOS,946.0
20252026,0,0,0,0.66666,2026-03-12,2025021040,0,1,0,H,Beniers,COL,0,0,8482665,-2,0,0.0,C,0,0,0,0,0.0,L,1,Matty Beniers,SEA,1039.0
20252026,0,0,0,0.45454,2026-04-13,2025021283,0,1,0,H,Nosek,NYR,0,0,8477931,0,0,0.0,L,0,0,0,0,,L,0,Tomas Nosek,FLA,950.0
20252026,1,0,1,,2026-03-26,2025021139,0,1,0,R,Larsson,TBL,0,0,8476457,0,1,1.0,D,0,0,0,0,,R,0,Adam Larsson,SEA,1517.0
20252026,0,0,0,0.8,2026-01-12,2025020722,0,1,0,R,Lazar,CHI,0,0,8477508,0,0,0.0,C,0,0,0,0,0.0,R,4,Curtis Lazar,EDM,425.0
20252026,0,0,0,0.27272,2026-01-14,2025020736,0,1,0,R,Couturier,BUF,0,0,8476461,0,0,0.0,C,0,0,0,0,,L,0,Sean Couturier,PHI,819.0
20252026,0,0,0,,2025-12-29,2025020608,0,1,0,H,Walker,NYR,0,0,8480336,0,0,0.0,D,0,0,0,0,0.0,R,3,Sean Walker,CAR,1411.0
20252026,0,0,0,,2025-12-11,2025020481,0,1,0,R,Douglas,NJD,0,0,8480876,0,0,0.0,C,0,0,0,0,0.0,L,1,Curtis Douglas,TBL,588.0
20252026,0,0,0,1.0,2025-12-21,2025020562,0,1,0,R,Duhaime,DET,0,2,8479520,0,0,0.0,L,0,0,0,0,0.0,L,1,Brandon Duhaime,WSH,396.0
20252026,0,1,1,,2025-11-29,2025020401,0,1,1,R,Kane,LAK,0,4,8475169,1,1,1.0,L,0,0,0,0,0.33333,L,3,Evander Kane,VAN,1130.0
20252026,0,0,0,0.75,2026-01-24,2025020813,0,1,0,H,Pinto,CAR,0,0,8481596,-1,0,0.0,C,0,0,0,0,0.0,R,4,Shane Pinto,OTT,969.0
20252026,0,0,0,,2025-11-28,2025020380,0,1,0,H,Devine,CGY,0,0,8483433,0,0,0.0,R,0,0,0,0,0.0,R,1,Jack Devine,FLA,458.0
20252026,0,0,0,,2025-11-26,2025020375,0,1,0,H,Eberle,DAL,0,0,8474586,0,0,0.0,R,0,0,0,0,0.0,R,1,Jordan Eberle,SEA,1324.0
20252026,0,1,1,0.33333,2026-01-24,2025020818,0,1,1,R,Protas,EDM,0,0,8481656,-3,1,1.0,L,0,0,0,0,0.25,L,4,Aliaksei Protas,WSH,1054.0
20252026,0,0,0,0.57142,2025-10-29,2025020166,0,1,0,R,Matthews,CBJ,0,2,8479318,-1,0,0.0,C,0,0,0,0,0.0,L,5,Auston Matthews,TOR,1186.0
20252026,0,0,0,,2026-04-13,2025021283,0,1,0,H,Forsling,NYR,0,0,8478055,0,0,0.0,D,0,0,0,0,0.0,L,1,Gustav Forsling,FLA,838.0
20252026,1,0,1,1.0,2026-03-26,2025021149,0,1,0,R,Laferriere,VAN,0,0,8482155,2,1,1.0,R,0,0,0,0,0.0,R,3,Alex Laferriere,LAK,1243.0
20252026,0,1,1,0.44444,2025-12-29,2025020611,0,1,1,H,Drury,LAK,0,2,8480835,1,1,1.0,C,0,0,0,0,0.5,L,2,Jack Drury,COL,790.0
20252026,0,0,0,0.44,2026-01-25,2025020820,0,1,0,R,Hischier,SEA,0,0,8480002,-2,0,0.0,C,0,0,0,0,0.0,L,1,Nico Hischier,NJD,1239.0
20252026,2,1,3,,2025-12-18,2025020539,0,1,1,H,Carlson,TOR,0,0,8474590,3,3,3.0,D,0,0,0,0,0.5,R,2,John Carlson,WSH,1312.0
20252026,1,0,1,1.0,2026-01-12,2025020718,0,1,0,R,Kakko,NYR,0,0,8481554,2,1,1.0,R,0,0,0,0,0.0,L,3,Kaapo Kakko,SEA,926.0
20252026,0,0,0,,2026-04-16,2025021310,0,1,0,R,Joseph,CGY,0,0,8478472,-1,0,0.0,R,0,0,0,0,0.0,L,1,Mathieu Joseph,LAK,513.0
20252026,0,0,0,,2025-12-07,2025020453,0,1,0,H,Drysdale,COL,0,0,8482142,0,0,0.0,D,0,0,0,0,0.0,R,1,Jamie Drysdale,PHI,1396.0
20252026,0,0,0,,2025-10-13,2025020044,0,1,0,H,Andrae,FLA,0,0,8482126,0,0,0.0,D,0,0,0,0,0.0,L,1,Emil Andrae,PHI,622.0
20252026,2,0,1,0.4,2025-10-22,2025020109,0,1,0,H,McLeod,DET,0,0,8480802,0,2,2.0,C,0,1,0,0,,L,0,Ryan McLeod,BUF,1077.0
20252026,1,0,0,,2026-02-05,2025020903,0,1,0,H,Quinn,PIT,0,0,8482097,-1,1,1.0,R,0,1,0,0,0.0,R,4,Jack Quinn,BUF,1164.0
20252026,0,0,0,,2025-11-26,2025020367,0,1,0,R,Salomonsson,WSH,0,0,8483510,-2,0,0.0,D,0,0,0,0,,R,0,Elias Salomonsson,WPG,978.0
