_seasonId,faceoffWinPct,gameDate,gameId,gamesPlayed,goalsAgainst,goalsAgainstPerGame,goalsFor,goalsForPerGame,homeRoad,losses,opponentTeamAbbrev,otLosses,penaltyKillNetPct,penaltyKillPct,pointPct,points,powerPlayNetPct,powerPlayPct,regulationAndOtWins,shotsAgainstPerGame,shotsForPerGame,teamFullName,teamId,teamShutouts,ties,wins,winsInRegulation,winsInShootout
20232024,0.459016,2023-12-19,2023020493,1,4,4.0,3,3.0,R,1,ARI,0,1.0,1.0,0.0,0,0.5,0.5,0,38.0,22.0,Ottawa Senators,9,0,,0,0,0
20232024,0.381818,2023-12-17,2023020477,1,6,6.0,2,2.0,R,1,COL,0,0.5,0.5,0.0,0,0.5,0.5,0,29.0,27.0,San Jose Sharks,28,0,,0,0,0
20232024,0.345454,2024-01-05,2023020602,1,4,4.0,2,2.0,R,1,NJD,0,1.166666,1.0,0.0,0,0.2,0.2,0,32.0,25.0,Chicago Blackhawks,16,0,,0,0,0
20232024,0.388059,2023-11-19,2023020269,1,3,3.0,0,0.0,R,1,PIT,0,1.0,1.0,0.0,0,0.0,0.0,0,32.0,38.0,Vegas Golden Knights,54,0,,0,0,0
20232024,0.472727,2023-11-30,2023020340,1,3,3.0,0,0.0,R,1,BOS,0,0.75,0.75,0.0,0,0.0,0.0,0,37.0,26.0,San Jose Sharks,28,0,,0,0,0
20232024,0.51923,2024-03-30,2023021175,1,2,2.0,3,3.0,R,0,WPG,0,0.8,0.8,1.0,2,0.2,0.2,1,30.0,27.0,Ottawa Senators,9,0,,1,1,0
20232024,0.510638,2023-12-03,2023020371,1,1,1.0,3,3.0,H,0,CBJ,0,1.0,1.0,1.0,2,0.333333,0.333333,1,25.0,28.0,Boston Bruins,6,0,,1,1,0
20232024,0.413043,2024-03-11,2023021027,1,5,5.0,1,1.0,H,1,STL,0,0.666666,0.666667,0.0,0,0.0,0.0,0,22.0,37.0,Boston Bruins,6,0,,0,0,0
20232024,0.333333,2024-03-16,2023021066,1,2,2.0,5,5.0,H,0,MTL,0,1.0,1.0,1.0,2,0.666666,0.666666,1,38.0,28.0,Calgary Flames,20,0,,1,1,0
20232024,0.522388,2023-10-26,2023020107,1,3,3.0,2,2.0,R,1,NYI,0,0.75,0.75,0.0,0,0.125,0.125,0,38.0,47.0,Ottawa Senators,9,0,,0,0,0
20232024,0.537037,2024-02-25,2023020922,1,2,2.0,4,4.0,R,0,ANA,0,1.0,1.0,1.0,2,0.0,0.0,1,31.0,29.0,Nashville Predators,18,0,,1,1,0
20232024,0.588235,2023-12-16,2023020463,1,3,3.0,6,6.0,R,0,CBJ,0,0.75,0.75,1.0,2,0.5,0.5,1,26.0,30.0,New Jersey Devils,1,0,,1,1,0
20232024,0.298245,2024-04-16,2023021301,1,3,3.0,1,1.0,R,1,VGK,0,1.0,1.0,0.0,0,0.0,0.0,0,37.0,23.0,Chicago Blackhawks,16,0,,0,0,0
20232024,0.577777,2023-11-30,2023020350,1,4,4.0,3,3.0,R,0,ARI,1,0.666666,0.666667,0.5,1,0.666666,0.666666,0,32.0,31.0,Colorado Avalanche,21,0,,0,0,0
20232024,0.549019,2023-10-29,2023020127,1,4,4.0,3,3.0,R,1,NJD,0,0.333333,0.333334,0.0,0,0.166666,0.166666,0,30.0,34.0,Minnesota Wild,30,0,,0,0,0
20232024,0.545454,2024-03-14,2023021054,1,0,0.0,2,2.0,H,0,ANA,0,1.0,1.0,1.0,2,0.0,0.0,1,16.0,31.0,Minnesota Wild,30,1,,1,1,0
20232024,0.584905,2024-01-02,2023020578,1,1,1.0,3,3.0,R,0,MIN,0,1.0,1.0,1.0,2,0.0,0.0,1,29.0,33.0,Calgary Flames,20,0,,1,1,0
20232024,0.596153,2024-01-15,2023020679,1,2,2.0,4,4.0,R,0,STL,0,0.666666,0.666667,1.0,2,0.0,0.0,1,30.0,42.0,Philadelphia Flyers,4,0,,1,1,0
20232024,0.65,2023-12-10,2023020426,1,3,3.0,0,0.0,H,1,MIN,0,1.0,1.0,0.0,0,0.0,0.0,0,26.0,24.0,Seattle Kraken,55,0,,0,0,0
20232024,0.62745,2024-03-26,2023021146,1,0,0.0,4,4.0,H,0,ANA,0,1.0,1.0,1.0,2,0.4,0.4,1,12.0,36.0,Seattle Kraken,55,1,,1,1,0
20232024,0.547169,2024-03-24,2023021131,1,2,2.0,3,3.0,R,0,ANA,0,1.0,1.0,1.0,2,0.0,0.0,1,32.0,27.0,Tampa Bay Lightning,14,0,,1,0,0
20232024,0.588235,2024-02-11,2023020818,1,2,2.0,3,3.0,R,0,WSH,0,1.0,1.0,1.0,2,0.0,0.0,1,33.0,29.0,Vancouver Canucks,23,0,,1,0,0
20232024,0.339622,2024-04-02,2023021194,1,0,0.0,3,3.0,R,0,NSH,0,1.25,1.0,1.0,2,0.0,0.0,1,31.0,32.0,Boston Bruins,6,1,,1,1,0
20232024,0.491803,2024-03-07,2023021002,1,3,3.0,1,1.0,H,1,VAN,0,0.666666,0.666667,0.0,0,0.0,0.0,0,35.0,28.0,Vegas Golden Knights,54,0,,0,0,0
20232024,0.574074,2024-02-08,2023020794,1,4,4.0,0,0.0,R,1,BOS,0,1.0,1.0,0.0,0,-0.666666,0.0,0,24.0,17.0,Vancouver Canucks,23,0,,0,0,0
20232024,0.573529,2023-11-07,2023020188,1,6,6.0,3,3.0,R,1,COL,0,0.8,0.8,0.0,0,0.166666,0.333333,0,32.0,23.0,New Jersey Devils,1,0,,0,0,0
20232024,0.574468,2024-04-06,2023021219,1,2,2.0,4,4.0,R,0,MIN,0,0.75,0.75,1.0,2,0.0,0.0,1,27.0,25.0,Winnipeg Jets,52,0,,1,1,0
20232024,0.5,2024-02-07,2023020791,1,3,3.0,1,1.0,R,1,NYR,0,1.0,1.0,0.0,0,0.0,0.0,0,24.0,18.0,Tampa Bay Lightning,14,0,,0,0,0
20232024,0.466666,2024-02-19,2023020873,1,4,4.0,0,0.0,H,1,VGK,0,0.8,0.8,0.0,0,0.0,0.0,0,26.0,29.0,San Jose Sharks,28,0,,0,0,0
20232024,0.46,2024-04-09,2023021243,1,2,2.0,5,5.0,R,0,NJD,0,0.5,0.5,1.0,2,0.0,0.0,1,20.0,39.0,Toronto Maple Leafs,10,0,,1,1,0
20232024,0.464285,2024-02-27,2023020931,1,2,2.0,6,6.0,R,0,TOR,0,1.0,1.0,1.0,2,0.0,0.0,1,30.0,32.0,Vegas Golden Knights,54,0,,1,1,0
20232024,0.48,2024-04-09,2023021240,1,1,1.0,2,2.0,R,0,DET,0,1.0,1.0,1.0,2,0.0,0.0,1,43.0,23.0,Washington Capitals,15,0,,1,1,0
20232024,0.545454,2023-11-13,2023020227,1,1,1.0,4,4.0,H,0,NYI,0,1.333333,1.0,1.0,2,0.666666,0.666666,1,33.0,32.0,Edmonton Oilers,22,0,,1,1,0
20232024,0.490196,2024-01-23,2023020737,1,4,4.0,2,2.0,R,1,ANA,0,0.75,0.75,0.0,0,0.333333,0.333333,0,36.0,30.0,Buffalo Sabres,7,0,,0,0,0
20232024,0.592592,2024-03-19,2023021092,1,2,2.0,6,6.0,H,0,CHI,0,0.75,0.75,1.0,2,1.0,1.0,1,24.0,24.0,Los Angeles Kings,26,0,,1,1,0
20232024,0.475409,2024-02-08,2023020796,1,3,3.0,5,5.0,R,0,NJD,0,1.0,1.0,1.0,2,-0.333333,0.0,1,40.0,30.0,Calgary Flames,20,0,,1,1,0
20232024,0.646153,2023-10-14,2023020027,1,2,2.0,3,3.0,H,0,BUF,0,1.0,1.0,1.0,2,0.0,0.0,1,28.0,29.0,New York Islanders,2,0,,1,1,0
20232024,0.518518,2024-02-22,2023020893,1,1,1.0,4,4.0,H,0,MTL,0,1.0,1.0,1.0,2,0.5,0.5,1,31.0,27.0,Pittsburgh Penguins,5,0,,1,1,0
20232024,0.472727,2024-03-24,2023021133,1,5,5.0,1,1.0,H,1,MTL,0,1.0,1.0,0.0,0,-0.25,0.0,0,17.0,37.0,Seattle Kraken,55,0,,0,0,0
20232024,0.50909,2024-01-30,2023020777,1,2,2.0,0,0.0,R,1,SJS,0,1.0,1.0,0.0,0,0.0,0.0,0,22.0,32.0,Seattle Kraken,55,0,,0,0,0
20232024,0.545454,2024-01-08,2023020622,1,4,4.0,1,1.0,H,1,PIT,0,0.833333,0.833334,0.0,0,0.5,0.5,0,39.0,37.0,Philadelphia Flyers,4,0,,0,0,0
20232024,0.492063,2024-01-21,2023020720,1,2,2.0,1,1.0,R,1,DET,0,1.0,1.0,0.0,0,0.0,0.0,0,35.0,28.0,Tampa Bay Lightning,14,0,,0,0,0
20232024,0.46,2023-10-19,2023020053,1,1,1.0,4,4.0,R,0,NYR,0,0.75,0.75,1.0,2,0.5,0.5,1,24.0,27.0,Nashville Predators,18,0,,1,1,0
20232024,0.372549,2024-03-24,2023021132,1,1,1.0,4,4.0,R,0,CGY,0,0.5,0.5,1.0,2,0.0,0.0,1,33.0,29.0,Buffalo Sabres,7,0,,1,1,0
20232024,0.574468,2023-11-20,2023020278,1,1,1.0,3,3.0,H,0,SJS,0,1.0,0.666667,1.0,2,0.0,0.0,1,28.0,37.0,Vancouver Canucks,23,0,,1,1,0
20232024,0.454545,2023-12-07,2023020401,1,2,2.0,3,3.0,H,0,CAR,0,2.0,1.0,1.0,2,0.0,0.0,1,30.0,27.0,Calgary Flames,20,0,,1,1,0
20232024,0.425925,2024-04-01,2023021188,1,2,2.0,4,4.0,R,0,SJS,0,0.5,0.5,1.0,2,0.0,0.0,1,26.0,32.0,Seattle Kraken,55,0,,1,1,0
20232024,0.542372,2024-01-22,2023020726,1,4,4.0,1,1.0,H,1,FLA,0,0.75,0.75,0.0,0,0.0,0.0,0,38.0,27.0,Nashville Predators,18,0,,0,0,0
20232024,0.428571,2024-03-02,2023020967,1,1,1.0,3,3.0,H,0,MIN,0,1.0,1.0,1.0,2,0.142857,0.142857,1,22.0,27.0,St. Louis Blues,19,0,,1,1,0
20232024,0.460317,2024-01-04,2023020590,1,1,1.0,6,6.0,R,0,MTL,0,1.0,1.0,1.0,2,0.25,0.5,1,33.0,38.0,Buffalo Sabres,7,0,,1,1,0
20232024,0.620689,2023-10-24,2023020090,1,7,7.0,4,4.0,H,1,COL,0,0.666666,0.666667,0.0,0,0.2,0.2,0,38.0,32.0,New York Islanders,2,0,,0,0,0
20232024,0.526315,2023-12-12,2023020433,1,1,1.0,4,4.0,R,0,OTT,0,1.0,1.0,1.0,2,1.0,1.0,1,32.0,28.0,Carolina Hurricanes,12,0,,1,1,0
20232024,0.425,2023-12-19,2023020488,1,6,6.0,1,1.0,R,1,TBL,0,0.666666,0.666667,0.0,0,0.333333,0.333333,0,33.0,29.0,St. Louis Blues,19,0,,0,0,0
20232024,0.408163,2023-12-30,2023020558,1,1,1.0,4,4.0,H,0,MTL,0,0.5,0.5,1.0,2,0.666666,0.666666,1,19.0,26.0,Florida Panthers,13,0,,1,1,0
20232024,0.458333,2024-04-11,2023021261,1,3,3.0,2,2.0,R,0,NYI,1,1.0,1.0,0.5,1,,,0,31.0,14.0,Montréal Canadiens,8,0,,0,0,0
20232024,0.5,2023-12-31,2023020566,1,5,5.0,1,1.0,R,1,OTT,0,0.0,0.0,0.0,0,0.0,0.0,0,31.0,46.0,Buffalo Sabres,7,0,,0,0,0
20232024,0.507936,2023-11-09,2023020194,1,5,5.0,2,2.0,H,1,DAL,0,1.0,1.0,0.0,0,0.0,0.0,0,31.0,29.0,Columbus Blue Jackets,29,0,,0,0,0
20232024,0.444444,2024-02-15,2023020848,1,4,4.0,1,1.0,R,1,VAN,0,1.0,1.0,0.0,0,0.0,0.0,0,21.0,28.0,Detroit Red Wings,17,0,,0,0,0
20232024,0.491228,2023-12-05,2023020381,1,4,4.0,3,3.0,H,0,LAK,1,1.0,1.0,0.5,1,1.0,1.0,0,39.0,29.0,Columbus Blue Jackets,29,0,,0,0,0
20232024,0.557692,2023-11-04,2023020168,1,5,5.0,2,2.0,R,1,CHI,0,0.666666,0.666667,0.0,0,0.333333,0.333333,0,25.0,40.0,Florida Panthers,13,0,,0,0,0
20232024,0.516666,2024-01-25,2023020752,1,3,3.0,2,2.0,H,1,NSH,0,1.0,1.0,0.0,0,0.5,0.5,0,29.0,24.0,Minnesota Wild,30,0,,0,0,0
20232024,0.480769,2023-11-22,2023020292,1,7,7.0,1,1.0,R,1,SEA,0,0.666666,0.666667,0.0,0,0.0,0.0,0,30.0,14.0,San Jose Sharks,28,0,,0,0,0
20232024,0.490566,2024-01-13,2023020656,1,4,4.0,1,1.0,H,1,NJD,0,1.0,1.0,0.0,0,0.5,0.5,0,22.0,36.0,Florida Panthers,13,0,,0,0,0
20232024,0.480769,2024-04-15,2023021287,1,4,4.0,5,5.0,H,0,MTL,0,,,1.0,2,0.0,0.0,1,21.0,35.0,Detroit Red Wings,17,0,,1,0,0
20232024,0.543859,2023-10-18,2023020050,1,6,6.0,3,3.0,R,1,DET,0,0.333333,0.333334,0.0,0,0.0,0.0,0,29.0,33.0,Pittsburgh Penguins,5,0,,0,0,0
20232024,0.405797,2024-02-24,2023020911,1,3,3.0,2,2.0,R,0,VAN,1,0.5,0.5,0.5,1,0.0,0.0,0,39.0,25.0,Boston Bruins,6,0,,0,0,0
20232024,0.66,2023-11-29,2023020338,1,2,2.0,3,3.0,H,0,DET,0,0.8,0.8,1.0,2,0.0,0.0,1,27.0,41.0,New York Rangers,3,0,,1,1,0
20232024,0.354166,2024-02-27,2023020927,1,8,8.0,3,3.0,R,1,DET,0,0.666666,0.666667,0.0,0,0.0,0.5,0,31.0,21.0,Washington Capitals,15,0,,0,0,0
20232024,0.45,2024-03-30,2023021171,1,3,3.0,3,3.0,H,0,PIT,0,1.5,1.0,1.0,2,0.0,0.0,0,33.0,37.0,Columbus Blue Jackets,29,0,,1,0,1
20232024,0.481481,2024-01-02,2023020577,1,3,3.0,4,4.0,R,0,DAL,0,1.0,1.0,1.0,2,0.333333,0.333333,1,33.0,18.0,Montréal Canadiens,8,0,,1,1,0
20232024,0.621212,2024-03-26,2023021140,1,4,4.0,3,3.0,R,0,WSH,1,1.0,1.0,0.5,1,0.5,0.5,0,30.0,33.0,Detroit Red Wings,17,0,,0,0,0
20232024,0.386363,2024-03-28,2023021153,1,2,2.0,0,0.0,R,1,OTT,0,1.0,1.0,0.0,0,-0.5,0.0,0,34.0,19.0,Chicago Blackhawks,16,0,,0,0,0
20232024,0.557692,2023-12-12,2023020435,1,2,2.0,3,3.0,H,0,PHI,0,1.0,1.0,1.0,2,0.0,0.0,1,39.0,22.0,Nashville Predators,18,0,,1,0,0
20232024,0.40909,2024-04-06,2023021225,1,2,2.0,0,0.0,R,1,NYI,0,1.0,1.0,0.0,0,0.0,0.0,0,30.0,42.0,Nashville Predators,18,0,,0,0,0
20232024,0.694915,2024-01-13,2023020653,1,3,3.0,2,2.0,R,1,WSH,0,1.0,1.0,0.0,0,0.0,0.0,0,21.0,27.0,New York Rangers,3,0,,0,0,0
20232024,0.393442,2023-10-26,2023020105,1,4,4.0,0,0.0,R,1,PIT,0,1.0,1.0,0.0,0,0.0,0.0,0,29.0,31.0,Colorado Avalanche,21,0,,0,0,0
20232024,0.528301,2024-03-26,2023021141,1,5,5.0,4,4.0,R,0,NSH,1,0.5,0.5,0.5,1,0.0,0.0,0,35.0,35.0,Vegas Golden Knights,54,0,,0,0,0
20232024,0.5,2023-12-13,2023020445,1,1,1.0,5,5.0,H,0,BUF,0,1.0,1.0,1.0,2,0.5,0.5,1,30.0,29.0,Colorado Avalanche,21,0,,1,1,0
20232024,0.403508,2023-12-09,2023020418,1,4,4.0,3,3.0,H,0,TBL,1,1.0,1.0,0.5,1,0.2,0.2,0,30.0,29.0,Seattle Kraken,55,0,,0,0,0
20232024,0.375,2024-01-21,2023020718,1,5,5.0,3,3.0,H,1,OTT,0,1.0,1.0,0.0,0,0.5,0.5,0,34.0,25.0,Philadelphia Flyers,4,0,,0,0,0
20232024,0.431818,2024-02-15,2023020839,1,2,2.0,1,1.0,H,1,LAK,0,0.75,0.75,0.0,0,0.0,0.2,0,29.0,27.0,New Jersey Devils,1,0,,0,0,0
20232024,0.48,2024-01-16,2023020688,1,4,4.0,2,2.0,R,1,EDM,0,1.0,1.0,0.0,0,0.0,0.0,0,32.0,27.0,Toronto Maple Leafs,10,0,,0,0,0
20232024,0.521126,2023-10-17,2023020048,1,2,2.0,2,2.0,R,0,VGK,1,1.0,1.0,0.5,1,0.0,0.0,0,34.0,26.0,Dallas Stars,25,0,,0,0,0
20232024,0.471698,2024-01-11,2023020646,1,4,4.0,3,3.0,R,0,NYI,1,0.333333,0.333334,0.5,1,0.0,0.0,0,30.0,35.0,Toronto Maple Leafs,10,0,,0,0,0
20232024,0.6,2023-12-29,2023020554,1,1,1.0,2,2.0,H,0,PHI,0,1.0,1.0,1.0,2,0.0,0.5,1,28.0,29.0,Seattle Kraken,55,0,,1,0,0
20232024,0.528301,2024-03-16,2023021071,1,1,1.0,4,4.0,R,0,SEA,0,0.5,0.5,1.0,2,0.333333,0.333333,1,24.0,30.0,Nashville Predators,18,0,,1,1,0
20232024,0.704545,2024-04-11,2023021255,1,4,4.0,2,2.0,R,1,BUF,0,1.0,1.0,0.0,0,,,0,17.0,24.0,Washington Capitals,15,0,,0,0,0
20232024,0.433333,2024-03-30,2023021172,1,3,3.0,0,0.0,H,1,CAR,0,0.5,0.5,0.0,0,-0.333333,0.0,0,30.0,26.0,Montréal Canadiens,8,0,,0,0,0
20232024,0.408163,2024-02-13,2023020827,1,4,4.0,1,1.0,R,1,TOR,0,1.0,1.0,0.0,0,0.0,0.0,0,32.0,15.0,St. Louis Blues,19,0,,0,0,0
20232024,0.469387,2024-01-20,2023020706,1,3,3.0,1,1.0,H,1,TBL,0,1.0,1.0,0.0,0,-0.5,0.0,0,16.0,27.0,Buffalo Sabres,7,0,,0,0,0
20232024,0.553846,2024-04-06,2023021226,1,2,2.0,4,4.0,R,0,CGY,0,0.666666,0.666667,1.0,2,0.333333,0.333333,1,35.0,27.0,Edmonton Oilers,22,0,,1,1,0
20232024,0.509433,2023-12-04,2023020379,1,1,1.0,2,2.0,R,0,VGK,0,0.666666,0.666667,1.0,2,0.0,0.0,1,34.0,27.0,St. Louis Blues,19,0,,1,0,0
20232024,0.541666,2023-10-16,2023020037,1,2,2.0,1,1.0,R,1,NYR,0,0.666666,0.666667,0.0,0,0.2,0.2,0,28.0,27.0,Arizona Coyotes,53,0,,0,0,0
20232024,0.482142,2024-01-15,2023020672,1,0,0.0,3,3.0,H,0,SJS,0,1.0,1.0,1.0,2,0.5,0.5,1,28.0,35.0,Buffalo Sabres,7,1,,1,1,0
20232024,0.5,2024-03-07,2023021003,1,3,3.0,4,4.0,H,0,OTT,0,0.75,0.75,1.0,2,,,1,31.0,35.0,Los Angeles Kings,26,0,,1,0,0
20232024,0.361702,2023-11-11,2023020217,1,4,4.0,0,0.0,R,1,PIT,0,0.666666,0.666667,0.0,0,0.0,0.0,0,39.0,35.0,Buffalo Sabres,7,0,,0,0,0
20232024,0.48387,2023-11-02,2023020148,1,2,2.0,1,1.0,R,1,NYR,0,0.8,0.8,0.0,0,0.5,0.5,0,26.0,27.0,Carolina Hurricanes,12,0,,0,0,0
20232024,0.481481,2024-02-22,2023020893,1,4,4.0,1,1.0,R,1,PIT,0,0.5,0.5,0.0,0,0.0,0.0,0,27.0,31.0,Montréal Canadiens,8,0,,0,0,0
20232024,0.522727,2024-04-12,2023021269,1,2,2.0,7,7.0,H,0,MIN,0,1.0,0.666667,1.0,2,0.5,0.5,1,27.0,30.0,Vegas Golden Knights,54,0,,1,1,0
20232024,0.421052,2024-01-14,2023020669,1,1,1.0,2,2.0,H,0,WSH,0,1.0,1.0,1.0,2,0.0,0.0,1,25.0,31.0,New York Rangers,3,0,,1,1,0
20242025,0.56,2025-01-12,2024020688,1,4,4.0,1,1.0,R,1,VGK,0,0.6,0.6,0.0,0,0.0,0.0,0,37.0,16.0,Minnesota Wild,30,0,,0,0,0
20242025,0.441176,2024-11-16,2024020282,1,4,4.0,1,1.0,R,1,LAK,0,1.0,1.0,0.0,0,,,0,41.0,18.0,Detroit Red Wings,17,0,,0,0,0
20242025,0.344262,2025-03-22,2024021108,1,3,3.0,4,4.0,R,0,NYI,0,1.0,1.0,1.0,2,0.0,0.0,1,29.0,35.0,Calgary Flames,20,0,,1,0,0
20242025,0.617647,2024-12-10,2024020447,1,6,6.0,2,2.0,H,1,COL,0,1.0,1.0,0.0,0,0.0,0.0,0,27.0,27.0,Pittsburgh Penguins,5,0,,0,0,0
20242025,0.566666,2025-04-01,2024021185,1,4,4.0,8,8.0,H,0,NSH,0,1.0,1.0,1.0,2,0.4,0.4,1,28.0,37.0,Columbus Blue Jackets,29,0,,1,1,0
20242025,0.5,2025-02-25,2024020925,1,5,5.0,1,1.0,H,1,NYR,0,1.0,1.0,0.0,0,0.0,0.0,0,18.0,37.0,New York Islanders,2,0,,0,0,0
20242025,0.541666,2025-01-04,2024020626,1,1,1.0,1,1.0,R,0,COL,0,0.8,0.8,1.0,2,0.0,0.0,0,23.0,23.0,Montréal Canadiens,8,0,,1,0,1
20242025,0.62295,2025-03-08,2024021009,1,2,2.0,3,3.0,H,0,CHI,0,1.0,1.0,1.0,2,0.25,0.25,1,19.0,41.0,Nashville Predators,18,0,,1,0,0
20242025,0.538461,2025-03-23,2024021119,1,5,5.0,3,3.0,H,1,BUF,0,0.666666,0.666667,0.0,0,0.0,0.333333,0,17.0,36.0,Winnipeg Jets,52,0,,0,0,0
20242025,0.514705,2024-12-07,2024020425,1,4,4.0,3,3.0,R,0,BOS,1,0.833333,0.833334,0.5,1,0.5,0.5,0,31.0,26.0,Philadelphia Flyers,4,0,,0,0,0
20242025,0.333333,2025-02-22,2024020901,1,2,2.0,5,5.0,R,0,OTT,0,0.666666,0.666667,1.0,2,0.5,0.5,1,27.0,25.0,Montréal Canadiens,8,0,,1,1,0
20242025,0.38983,2024-12-15,2024020491,1,4,4.0,1,1.0,R,1,CAR,0,1.0,1.0,0.0,0,-0.2,0.0,0,28.0,28.0,Columbus Blue Jackets,29,0,,0,0,0
20242025,0.545454,2025-02-27,2024020937,1,3,3.0,4,4.0,H,0,EDM,0,1.0,1.0,1.0,2,0.0,0.0,1,27.0,36.0,Florida Panthers,13,0,,1,1,0
20242025,0.38,2025-01-27,2024020795,1,4,4.0,2,2.0,R,1,PHI,0,0.5,0.5,0.0,0,0.0,0.0,0,26.0,33.0,New Jersey Devils,1,0,,0,0,0
20242025,0.491525,2025-03-22,2024021110,1,3,3.0,6,6.0,H,0,FLA,0,1.0,1.0,1.0,2,0.0,0.0,1,36.0,33.0,Washington Capitals,15,0,,1,1,0
20242025,0.528301,2025-03-29,2024021163,1,3,3.0,1,1.0,H,1,VGK,0,0.0,0.0,0.0,0,1.0,1.0,0,29.0,24.0,Nashville Predators,18,0,,0,0,0
20242025,0.510204,2024-12-27,2024020558,1,2,2.0,6,6.0,H,0,CHI,0,1.0,1.0,1.0,2,0.0,0.0,1,17.0,35.0,Buffalo Sabres,7,0,,1,1,0
20242025,0.490909,2024-12-23,2024020553,1,5,5.0,2,2.0,R,1,NSH,0,0.5,0.5,0.0,0,0.0,0.0,0,25.0,27.0,Carolina Hurricanes,12,0,,0,0,0
20242025,0.439393,2025-01-05,2024020634,1,4,4.0,3,3.0,R,0,CAR,1,1.0,1.0,0.5,1,0.0,0.0,0,31.0,19.0,Pittsburgh Penguins,5,0,,0,0,0
20242025,0.448275,2025-01-16,2024020709,1,3,3.0,3,3.0,H,0,ANA,0,1.0,1.0,1.0,2,0.4,0.4,0,37.0,35.0,Tampa Bay Lightning,14,0,,1,0,1
20242025,0.47619,2024-12-31,2024020589,1,1,1.0,3,3.0,H,0,BOS,0,1.0,1.0,1.0,2,0.5,0.5,1,27.0,27.0,Washington Capitals,15,0,,1,1,0
20242025,0.428571,2024-11-21,2024020315,1,3,3.0,5,5.0,R,0,EDM,0,1.0,1.0,1.0,2,0.0,0.0,1,31.0,26.0,Minnesota Wild,30,0,,1,1,0
20242025,0.629629,2025-02-04,2024020848,1,2,2.0,2,2.0,H,0,NJD,1,1.0,1.0,0.5,1,0.0,0.0,0,21.0,27.0,Pittsburgh Penguins,5,0,,0,0,0
20242025,0.54,2025-04-04,2024021208,1,1,1.0,3,3.0,H,0,MIN,0,1.0,1.0,1.0,2,0.333333,0.333333,1,28.0,27.0,New York Islanders,2,0,,1,1,0
20242025,0.428571,2024-11-21,2024020311,1,6,6.0,7,7.0,H,0,TBL,0,0.5,0.0,1.0,2,1.0,1.0,1,30.0,43.0,Columbus Blue Jackets,29,0,,1,0,0
20242025,0.516666,2025-03-03,2024020969,1,1,1.0,2,2.0,H,0,TBL,0,1.0,1.0,1.0,2,0.333333,0.333333,1,29.0,29.0,Florida Panthers,13,0,,1,1,0
20242025,0.416666,2024-11-08,2024020222,1,5,5.0,2,2.0,H,1,MIN,0,0.5,0.5,0.0,0,0.0,0.0,0,31.0,35.0,Anaheim Ducks,24,0,,0,0,0
20242025,0.386363,2025-02-02,2024020835,1,4,4.0,3,3.0,R,1,BUF,0,1.25,1.0,0.0,0,-0.2,0.0,0,34.0,24.0,New Jersey Devils,1,0,,0,0,0
20242025,0.671232,2024-10-26,2024020122,1,5,5.0,3,3.0,R,1,BUF,0,1.0,0.75,0.0,0,0.0,0.0,0,39.0,25.0,Detroit Red Wings,17,0,,0,0,0
20242025,0.4,2025-01-28,2024020806,1,4,4.0,6,6.0,R,0,SEA,0,0.666666,0.666667,1.0,2,0.0,0.0,1,30.0,23.0,Anaheim Ducks,24,0,,1,1,0
20242025,0.538461,2025-02-23,2024020908,1,4,4.0,5,5.0,H,0,ANA,0,1.0,1.0,1.0,2,0.75,0.75,1,28.0,36.0,Detroit Red Wings,17,0,,1,0,0
20242025,0.584615,2024-12-16,2024020495,1,6,6.0,5,5.0,H,1,FLA,0,0.75,0.75,0.0,0,0.0,0.333333,0,28.0,30.0,Edmonton Oilers,22,0,,0,0,0
20242025,0.568965,2025-03-01,2024020949,1,4,4.0,7,7.0,H,0,NSH,0,1.333333,1.0,1.0,2,0.25,0.25,1,29.0,35.0,New York Islanders,2,0,,1,1,0
20242025,0.354838,2025-02-04,2024020852,1,0,0.0,3,3.0,H,0,CAR,0,1.0,1.0,1.0,2,0.5,0.5,1,29.0,30.0,Winnipeg Jets,52,1,,1,1,0
20242025,0.406779,2025-02-02,2024020842,1,2,2.0,3,3.0,R,0,VAN,0,,,1.0,2,0.0,0.0,1,27.0,18.0,Detroit Red Wings,17,0,,1,0,0
20242025,0.464285,2025-02-23,2024020915,1,1,1.0,2,2.0,H,0,VAN,0,0.75,0.75,1.0,2,0.25,0.25,1,16.0,32.0,Utah Hockey Club,59,0,,1,1,0
20242025,0.659574,2024-12-14,2024020474,1,1,1.0,4,4.0,H,0,CHI,0,1.0,1.0,1.0,2,0.0,0.0,1,17.0,24.0,New Jersey Devils,1,0,,1,1,0
20242025,0.468085,2025-02-23,2024020910,1,3,3.0,1,1.0,R,1,STL,0,,,0.0,0,0.0,0.0,0,25.0,29.0,Colorado Avalanche,21,0,,0,0,0
20242025,0.614285,2025-04-08,2024021241,1,7,7.0,6,6.0,R,0,NSH,1,0.666666,0.333334,0.5,1,0.0,0.0,0,32.0,22.0,New York Islanders,2,0,,0,0,0
20242025,0.395833,2024-12-22,2024020544,1,1,1.0,3,3.0,H,0,OTT,0,1.0,1.0,1.0,2,0.2,0.2,1,21.0,21.0,Edmonton Oilers,22,0,,1,1,0
20242025,0.714285,2024-11-07,2024020216,1,1,1.0,3,3.0,H,0,CHI,0,0.666666,0.666667,1.0,2,0.0,0.0,1,26.0,40.0,Dallas Stars,25,0,,1,1,0
20242025,0.571428,2024-12-02,2024020395,1,2,2.0,1,1.0,H,1,DAL,0,0.666666,0.666667,0.0,0,0.0,0.0,0,21.0,37.0,Utah Hockey Club,59,0,,0,0,0
20242025,0.442307,2024-11-20,2024020302,1,4,4.0,1,1.0,H,1,CAR,0,1.0,1.0,0.0,0,0.0,0.0,0,37.0,19.0,Philadelphia Flyers,4,0,,0,0,0
20242025,0.34,2024-12-23,2024020547,1,4,4.0,1,1.0,R,1,BOS,0,0.75,0.75,0.0,0,0.333333,0.333333,0,22.0,11.0,Washington Capitals,15,0,,0,0,0
20242025,0.466666,2025-03-06,2024020994,1,3,3.0,2,2.0,R,0,DAL,1,1.0,1.0,0.5,1,0.0,0.0,0,27.0,28.0,Calgary Flames,20,0,,0,0,0
20242025,0.44,2025-02-07,2024020872,1,3,3.0,4,4.0,H,0,NYI,0,1.0,1.0,1.0,2,0.0,0.0,1,35.0,27.0,Winnipeg Jets,52,0,,1,1,0
20242025,0.377358,2025-03-17,2024021073,1,2,2.0,3,3.0,R,0,BOS,0,1.0,1.0,1.0,2,0.5,0.5,1,20.0,30.0,Buffalo Sabres,7,0,,1,0,0
20242025,0.431034,2025-03-23,2024021122,1,2,2.0,4,4.0,H,0,TBL,0,0.75,0.75,1.0,2,0.25,0.25,1,37.0,30.0,Vegas Golden Knights,54,0,,1,1,0
20242025,0.441176,2024-10-14,2024020043,1,7,7.0,8,8.0,H,0,LAK,0,0.4,0.4,1.0,2,0.666666,0.666666,1,26.0,41.0,Ottawa Senators,9,0,,1,0,0
20242025,0.507692,2025-02-23,2024020913,1,3,3.0,4,4.0,R,0,NYI,0,1.0,1.0,1.0,2,0.5,0.5,1,37.0,29.0,Dallas Stars,25,0,,1,1,0
20242025,0.61194,2025-01-23,2024020767,1,5,5.0,2,2.0,R,1,CGY,0,1.0,1.0,0.0,0,-0.333333,0.0,0,26.0,34.0,Buffalo Sabres,7,0,,0,0,0
20242025,0.566666,2025-02-02,2024020839,1,2,2.0,4,4.0,H,0,VGK,0,0.0,0.0,1.0,2,1.0,1.0,1,36.0,28.0,New York Rangers,3,0,,1,1,0
20242025,0.471698,2024-11-06,2024020206,1,1,1.0,4,4.0,R,0,CHI,0,1.0,1.0,1.0,2,0.0,0.0,1,29.0,25.0,Detroit Red Wings,17,0,,1,1,0
20242025,0.5,2024-12-01,2024020388,1,5,5.0,4,4.0,H,0,VAN,1,0.5,0.5,0.5,1,0.25,0.25,0,32.0,31.0,Detroit Red Wings,17,0,,0,0,0
20242025,0.423728,2025-04-10,2024021259,1,6,6.0,1,1.0,R,1,LAK,0,0.5,0.5,0.0,0,0.0,0.0,0,29.0,25.0,Anaheim Ducks,24,0,,0,0,0
20242025,0.4375,2024-10-12,2024020034,1,4,4.0,6,6.0,R,0,COL,0,0.5,0.5,1.0,2,0.333333,0.333333,1,30.0,23.0,Columbus Blue Jackets,29,0,,1,1,0
20242025,0.416666,2025-01-18,2024020732,1,5,5.0,3,3.0,R,1,CHI,0,0.333333,0.333334,0.0,0,0.333333,0.333333,0,23.0,35.0,Vegas Golden Knights,54,0,,0,0,0
20242025,0.419354,2024-11-27,2024020350,1,2,2.0,1,1.0,R,0,DET,1,0.5,0.5,0.5,1,0.25,0.25,0,27.0,25.0,Calgary Flames,20,0,,0,0,0
20242025,0.470588,2025-01-11,2024020677,1,1,1.0,2,2.0,R,0,STL,0,0.666666,0.666667,1.0,2,0.5,0.5,1,32.0,30.0,Columbus Blue Jackets,29,0,,1,1,0
20242025,0.48,2024-11-27,2024020358,1,1,1.0,1,1.0,R,0,COL,1,1.0,1.0,0.5,1,0.0,0.0,0,34.0,19.0,Vegas Golden Knights,54,0,,0,0,0
20242025,0.489361,2025-01-27,2024020797,1,4,4.0,2,2.0,R,1,EDM,0,1.0,1.0,0.0,0,0.0,0.0,0,31.0,28.0,Seattle Kraken,55,0,,0,0,0
20242025,0.430769,2025-02-23,2024020914,1,2,2.0,3,3.0,H,0,SJS,0,1.0,1.0,1.0,2,0.166666,0.166666,1,29.0,36.0,Calgary Flames,20,0,,1,1,0
20242025,0.402985,2025-01-12,2024020687,1,2,2.0,3,3.0,R,0,CAR,0,0.5,0.5,1.0,2,0.0,0.0,1,37.0,20.0,Anaheim Ducks,24,0,,1,0,0
20242025,0.380952,2024-10-27,2024020137,1,6,6.0,2,2.0,R,1,NJD,0,0.0,0.0,0.0,0,0.0,0.0,0,34.0,26.0,Anaheim Ducks,24,0,,0,0,0
20242025,0.384615,2025-03-28,2024021153,1,1,1.0,2,2.0,H,0,UTA,0,1.0,1.0,1.0,2,0.166666,0.166666,1,15.0,32.0,Florida Panthers,13,0,,1,0,0
20242025,0.552631,2025-01-02,2024020614,1,2,2.0,1,1.0,R,1,SJS,0,1.0,1.0,0.0,0,0.0,0.0,0,25.0,25.0,Tampa Bay Lightning,14,0,,0,0,0
20242025,0.5,2024-12-12,2024020465,1,4,4.0,3,3.0,H,1,SJS,0,0.5,0.5,0.0,0,0.0,0.0,0,31.0,20.0,St. Louis Blues,19,0,,0,0,0
20242025,0.490909,2024-12-03,2024020400,1,1,1.0,2,2.0,R,0,WSH,0,1.0,1.0,1.0,2,0.25,0.25,1,28.0,31.0,San Jose Sharks,28,0,,1,0,0
20242025,0.508771,2024-10-26,2024020131,1,3,3.0,4,4.0,H,0,CBJ,0,1.0,1.0,1.0,2,0.0,0.0,1,28.0,33.0,Nashville Predators,18,0,,1,0,0
20242025,0.553571,2024-11-11,2024020243,1,3,3.0,2,2.0,R,0,COL,1,1.0,1.0,0.5,1,0.0,0.0,0,32.0,30.0,Nashville Predators,18,0,,0,0,0
20242025,0.455882,2025-03-06,2024020996,1,7,7.0,3,3.0,R,1,COL,0,0.25,0.25,0.0,0,0.2,0.4,0,32.0,34.0,San Jose Sharks,28,0,,0,0,0
20242025,0.47619,2024-10-22,2024020098,1,0,0.0,1,1.0,R,0,NYI,0,1.0,1.0,1.0,2,0.0,0.0,1,30.0,11.0,Detroit Red Wings,17,1,,1,1,0
20242025,0.584905,2025-03-31,2024021180,1,2,2.0,2,2.0,H,0,CGY,1,1.0,1.0,0.5,1,0.0,0.0,0,27.0,30.0,Colorado Avalanche,21,0,,0,0,0
20242025,0.375,2025-04-10,2024021254,1,2,2.0,9,9.0,R,0,NYI,0,0.5,0.5,1.0,2,1.0,1.0,1,46.0,32.0,New York Rangers,3,0,,1,1,0
20242025,0.423728,2025-03-05,2024020983,1,2,2.0,3,3.0,R,0,NYR,0,1.0,1.0,1.0,2,0.25,0.25,1,17.0,26.0,Washington Capitals,15,0,,1,0,0
20242025,0.457142,2024-10-22,2024020097,1,6,6.0,2,2.0,R,1,CBJ,0,1.0,1.0,0.0,0,0.0,0.0,0,38.0,28.0,Toronto Maple Leafs,10,0,,0,0,0
20242025,0.517241,2024-12-10,2024020453,1,2,2.0,1,1.0,R,1,EDM,0,1.0,1.0,0.0,0,0.0,0.0,0,25.0,22.0,Tampa Bay Lightning,14,0,,0,0,0
20242025,0.419354,2024-10-25,2024020120,1,3,3.0,2,2.0,H,1,NSH,0,0.8,0.8,0.0,0,-0.2,0.0,0,34.0,29.0,Chicago Blackhawks,16,0,,0,0,0
20242025,0.5625,2024-12-31,2024020593,1,2,2.0,4,4.0,H,0,PIT,0,0.666666,0.666667,1.0,2,0.666666,0.666666,1,25.0,25.0,Detroit Red Wings,17,0,,1,1,0
20242025,0.56,2024-12-12,2024020467,1,1,1.0,7,7.0,R,0,MIN,0,1.0,0.666667,1.0,2,0.5,0.5,1,30.0,35.0,Edmonton Oilers,22,0,,1,1,0
20242025,0.465517,2025-03-15,2024021059,1,2,2.0,4,4.0,R,0,TOR,0,1.0,1.0,1.0,2,1.0,1.0,1,23.0,25.0,Ottawa Senators,9,0,,1,1,0
20242025,0.62,2025-01-27,2024020795,1,2,2.0,4,4.0,H,0,NJD,0,1.0,1.0,1.0,2,0.5,0.5,1,33.0,26.0,Philadelphia Flyers,4,0,,1,1,0
20242025,0.590163,2024-12-02,2024020393,1,5,5.0,1,1.0,H,1,NJD,0,0.5,0.5,0.0,0,0.25,0.25,0,28.0,39.0,New York Rangers,3,0,,0,0,0
20242025,0.615384,2025-04-12,2024021268,1,2,2.0,2,2.0,H,0,BUF,0,0.333333,0.333334,1.0,2,0.0,0.0,0,28.0,34.0,Florida Panthers,13,0,,1,0,1
20242025,0.538461,2025-01-28,2024020803,1,5,5.0,2,2.0,R,1,NYI,0,,,0.0,0,0.0,0.0,0,28.0,32.0,Colorado Avalanche,21,0,,0,0,0
20242025,0.32,2024-12-17,2024020504,1,4,4.0,3,3.0,H,0,BOS,1,1.0,1.0,0.5,1,,,0,35.0,23.0,Calgary Flames,20,0,,0,0,0
20242025,0.508771,2024-10-12,2024020032,1,3,3.0,0,0.0,R,1,DAL,0,1.0,1.0,0.0,0,0.0,0.0,0,27.0,34.0,New York Islanders,2,0,,0,0,0
20242025,0.323943,2025-03-28,2024021155,1,6,6.0,6,6.0,R,0,CBJ,1,1.0,0.75,0.5,1,1.0,1.0,0,38.0,37.0,Vancouver Canucks,23,0,,0,0,0
20242025,0.568965,2024-11-21,2024020313,1,3,3.0,1,1.0,R,1,CHI,0,0.0,0.0,0.0,0,0.0,0.0,0,20.0,33.0,Florida Panthers,13,0,,0,0,0
20242025,0.516129,2024-12-14,2024020487,1,3,3.0,4,4.0,R,0,SJS,0,0.666666,0.666667,1.0,2,0.333333,0.333333,1,22.0,40.0,Utah Hockey Club,59,0,,1,1,0
20242025,0.603448,2024-10-27,2024020136,1,3,3.0,2,2.0,H,0,EDM,1,1.0,1.0,0.5,1,0.0,0.0,0,34.0,26.0,Detroit Red Wings,17,0,,0,0,0
20242025,0.5,2025-02-25,2024020925,1,1,1.0,5,5.0,R,0,NYI,0,1.0,1.0,1.0,2,0.0,0.0,1,37.0,18.0,New York Rangers,3,0,,1,1,0
20242025,0.491228,2024-10-12,2024020032,1,0,0.0,3,3.0,H,0,NYI,0,1.0,1.0,1.0,2,0.0,0.0,1,34.0,27.0,Dallas Stars,25,1,,1,1,0
20242025,0.647058,2024-10-05,2024020002,1,1,1.0,3,3.0,H,0,BUF,0,1.0,1.0,1.0,2,0.25,0.25,1,18.0,37.0,New Jersey Devils,1,0,,1,1,0
20242025,0.404761,2025-03-13,2024021045,1,0,0.0,4,4.0,R,0,CBJ,0,1.0,1.0,1.0,2,0.333333,0.333333,1,27.0,29.0,Vegas Golden Knights,54,1,,1,1,0
20242025,0.474576,2025-03-11,2024021028,1,2,2.0,3,3.0,H,0,VGK,0,0.0,0.0,1.0,2,0.25,0.25,1,37.0,17.0,Pittsburgh Penguins,5,0,,1,0,0
20242025,0.489361,2025-04-06,2024021228,1,1,1.0,2,2.0,R,0,NSH,0,1.0,1.0,1.0,2,0.0,0.0,1,37.0,17.0,Montréal Canadiens,8,0,,1,1,0
20242025,0.549019,2024-10-15,2024020048,1,4,4.0,1,1.0,R,1,TBL,0,1.0,1.0,0.0,0,0.333333,0.333333,0,27.0,27.0,Vancouver Canucks,23,0,,0,0,0
20242025,0.492537,2024-12-29,2024020581,1,2,2.0,3,3.0,H,0,NYI,0,1.0,1.0,1.0,2,1.0,1.0,1,31.0,41.0,Pittsburgh Penguins,5,0,,1,1,0
20242025,0.464285,2025-01-07,2024020644,1,3,3.0,2,2.0,H,1,TOR,0,0.75,0.75,0.0,0,0.0,0.0,0,17.0,32.0,Philadelphia Flyers,4,0,,0,0,0
20252026,0.462962,2026-03-19,2025021087,1,1,1.0,3,3.0,H,0,SEA,0,1.0,1.0,1.0,2,0.333333,0.333333,1,26.0,28.0,Nashville Predators,18,0,,1,1,0
20252026,0.553571,2026-03-19,2025021085,1,3,3.0,1,1.0,R,1,DET,0,1.0,1.0,0.0,0,0.5,0.5,0,28.0,33.0,Montréal Canadiens,8,0,,0,0,0
20252026,0.608695,2025-12-21,2025020568,1,5,5.0,1,1.0,R,1,DAL,0,1.0,1.0,0.0,0,0.0,0.0,0,22.0,28.0,Toronto Maple Leafs,10,0,,0,0,0
20252026,0.433962,2025-10-15,2025020060,1,1,1.0,3,3.0,H,0,CGY,0,0.75,0.75,1.0,2,0.0,0.0,1,20.0,32.0,Utah Mammoth,68,0,,1,1,0
20252026,0.395833,2025-11-16,2025020299,1,2,2.0,1,1.0,H,1,DET,0,0.8,0.8,0.0,0,0.5,0.5,0,42.0,19.0,New York Rangers,3,0,,0,0,0
20252026,0.6,2025-12-29,2025020609,1,1,1.0,3,3.0,R,0,WPG,0,1.0,1.0,1.0,2,1.0,1.0,1,42.0,21.0,Edmonton Oilers,22,0,,1,1,0
20252026,0.475409,2025-10-09,2025020017,1,5,5.0,4,4.0,H,1,DAL,0,1.2,0.8,0.0,0,0.0,0.0,0,37.0,25.0,Winnipeg Jets,52,0,,0,0,0
20252026,0.490909,2025-10-25,2025020127,1,3,3.0,3,3.0,H,0,NYI,0,1.0,1.0,1.0,2,0.0,0.333333,0,26.0,26.0,Philadelphia Flyers,4,0,,1,0,1
20252026,0.529411,2025-12-29,2025020614,1,2,2.0,5,5.0,R,0,VGK,0,1.0,1.0,1.0,2,0.0,0.0,1,16.0,27.0,Minnesota Wild,30,0,,1,1,0
20252026,0.571428,2025-10-18,2025020082,1,2,2.0,3,3.0,H,0,TBL,0,0.666666,0.666667,1.0,2,0.0,0.0,1,24.0,31.0,Columbus Blue Jackets,29,0,,1,1,0
20252026,0.403508,2026-01-23,2025020804,1,3,3.0,2,2.0,R,1,DAL,0,0.6,0.6,0.0,0,0.333333,0.333333,0,19.0,22.0,St. Louis Blues,19,0,,0,0,0
20252026,0.4,2026-03-27,2025021151,1,6,6.0,1,1.0,R,1,NYR,0,0.666666,0.666667,0.0,0,0.0,0.0,0,38.0,28.0,Chicago Blackhawks,16,0,,0,0,0
20252026,0.604166,2025-11-13,2025020271,1,3,3.0,5,5.0,H,0,BOS,0,0.5,0.5,1.0,2,0.5,0.5,1,21.0,22.0,Ottawa Senators,9,0,,1,1,0
20252026,0.5,2026-01-01,2025020639,1,5,5.0,3,3.0,H,1,TBL,0,0.5,0.5,0.0,0,0.666666,0.666666,0,24.0,20.0,Los Angeles Kings,26,0,,0,0,0
20252026,0.517241,2026-03-26,2025021148,1,3,3.0,4,4.0,R,0,VGK,0,1.0,1.0,1.0,2,0.0,0.0,1,29.0,29.0,Edmonton Oilers,22,0,,1,0,0
20252026,0.464285,2026-01-25,2025020823,1,5,5.0,1,1.0,H,1,FLA,0,1.0,1.0,0.0,0,0.0,0.0,0,25.0,22.0,Chicago Blackhawks,16,0,,0,0,0
20252026,0.444444,2026-01-01,2025020636,1,5,5.0,7,7.0,R,0,CAR,0,0.333333,0.333334,1.0,2,0.0,0.0,1,25.0,23.0,Montréal Canadiens,8,0,,1,1,0
20252026,0.446428,2026-03-17,2025021071,1,3,3.0,3,3.0,R,0,WPG,0,0.75,0.75,1.0,2,1.0,1.0,0,39.0,23.0,Nashville Predators,18,0,,1,0,1
20252026,0.491525,2025-12-04,2025020426,1,2,2.0,5,5.0,H,0,STL,0,1.0,1.0,1.0,2,0.5,0.5,1,39.0,27.0,Boston Bruins,6,0,,1,1,0
20252026,0.491228,2026-02-26,2025020928,1,4,4.0,1,1.0,H,1,CGY,0,1.0,1.0,0.0,0,0.0,0.0,0,29.0,35.0,San Jose Sharks,28,0,,0,0,0
20252026,0.586956,2025-11-30,2025020402,1,4,4.0,1,1.0,H,1,WSH,0,0.5,0.5,0.0,0,0.333333,0.333333,0,19.0,31.0,New York Islanders,2,0,,0,0,0
20252026,0.55102,2025-11-20,2025020323,1,1,1.0,0,0.0,R,1,FLA,0,1.0,1.0,0.0,0,0.0,0.0,0,24.0,32.0,New Jersey Devils,1,0,,0,0,0
20252026,0.678571,2026-01-24,2025020813,1,4,4.0,1,1.0,H,1,CAR,0,0.75,0.75,0.0,0,0.0,0.0,0,19.0,37.0,Ottawa Senators,9,0,,0,0,0
20252026,0.47826,2026-01-15,2025020747,1,0,0.0,1,1.0,R,0,EDM,0,1.0,1.0,1.0,2,1.0,1.0,1,35.0,18.0,New York Islanders,2,1,,1,1,0
20252026,0.525423,2026-04-12,2025021280,1,4,4.0,3,3.0,H,0,VAN,1,0.333333,0.333334,0.5,1,0.0,0.5,0,26.0,27.0,Anaheim Ducks,24,0,,0,0,0
20252026,0.581818,2025-11-08,2025020231,1,1,1.0,1,1.0,H,0,PIT,0,1.0,1.0,1.0,2,0.0,0.0,0,34.0,24.0,New Jersey Devils,1,0,,1,0,1
20252026,0.526315,2025-10-25,2025020138,1,3,3.0,2,2.0,R,1,DAL,0,0.5,0.5,0.0,0,0.0,0.0,0,34.0,28.0,Carolina Hurricanes,12,0,,0,0,0
20252026,0.521126,2025-11-28,2025020380,1,3,3.0,5,5.0,R,0,FLA,0,1.0,1.0,1.0,2,0.5,0.5,1,41.0,34.0,Calgary Flames,20,0,,1,1,0
20252026,0.32,2026-03-06,2025020983,1,1,1.0,3,3.0,R,0,DET,0,0.75,0.75,1.0,2,0.333333,0.333333,1,29.0,23.0,Florida Panthers,13,0,,1,1,0
20252026,0.482758,2025-12-02,2025020412,1,5,5.0,4,4.0,R,1,DET,0,0.666666,0.666667,0.0,0,0.0,0.0,0,32.0,38.0,Boston Bruins,6,0,,0,0,0
20252026,0.525,2025-11-22,2025020336,1,2,2.0,1,1.0,H,1,STL,0,1.0,1.0,0.0,0,0.0,0.0,0,22.0,30.0,New York Islanders,2,0,,0,0,0
20252026,0.589285,2026-01-03,2025020650,1,4,4.0,2,2.0,R,1,OTT,0,0.8,0.6,0.0,0,0.0,0.0,0,27.0,23.0,Winnipeg Jets,52,0,,0,0,0
20252026,0.565217,2025-10-19,2025020090,1,2,2.0,4,4.0,H,0,EDM,0,1.0,1.0,1.0,2,,,1,18.0,25.0,Detroit Red Wings,17,0,,1,1,0
20252026,0.48387,2026-02-04,2025020898,1,1,1.0,4,4.0,H,0,DET,0,0.75,0.75,1.0,2,0.333333,0.333333,1,30.0,25.0,Utah Mammoth,68,0,,1,1,0
20252026,0.5,2026-03-26,2025021145,1,2,2.0,3,3.0,R,0,WPG,0,1.0,1.0,1.0,2,0.25,0.25,1,24.0,35.0,Colorado Avalanche,21,0,,1,1,0
20252026,0.354166,2025-11-29,2025020391,1,1,1.0,4,4.0,R,0,NYR,0,1.0,1.0,1.0,2,0.0,0.0,1,13.0,35.0,Tampa Bay Lightning,14,0,,1,1,0
20252026,0.513888,2025-10-28,2025020161,1,4,4.0,8,8.0,H,0,NJD,0,1.0,1.0,1.0,2,0.666666,0.666666,1,30.0,42.0,Colorado Avalanche,21,0,,1,1,0
20252026,0.490566,2026-03-11,2025021025,1,2,2.0,3,3.0,R,0,OTT,0,0.666666,0.666667,1.0,2,0.5,0.5,1,34.0,23.0,Montréal Canadiens,8,0,,1,1,0
20252026,0.381818,2025-12-09,2025020474,1,3,3.0,4,4.0,R,0,EDM,0,1.0,1.0,1.0,2,0.333333,0.333333,1,30.0,28.0,Buffalo Sabres,7,0,,1,0,0
20252026,0.523809,2026-04-15,2025021305,1,5,5.0,2,2.0,R,1,CHI,0,1.0,1.0,0.0,0,0.25,0.25,0,24.0,17.0,San Jose Sharks,28,0,,0,0,0
20252026,0.525423,2026-03-18,2025021078,1,5,5.0,6,6.0,H,0,PIT,0,1.0,0.75,1.0,2,0.5,0.5,1,35.0,44.0,Carolina Hurricanes,12,0,,1,0,0
20252026,0.464285,2026-03-08,2025021005,1,0,0.0,3,3.0,R,0,NJD,0,1.0,1.0,1.0,2,0.2,0.2,1,31.0,30.0,Detroit Red Wings,17,1,,1,1,0
20252026,0.391304,2026-01-31,2025020861,1,5,5.0,6,6.0,H,0,NYR,0,0.666666,0.666667,1.0,2,0.0,0.2,1,20.0,34.0,Pittsburgh Penguins,5,0,,1,1,0
20252026,0.511111,2026-03-10,2025021019,1,3,3.0,4,4.0,R,0,STL,0,1.0,1.0,1.0,2,0.5,0.5,1,23.0,49.0,New York Islanders,2,0,,1,0,0
20252026,0.606557,2025-12-11,2025020480,1,3,3.0,2,2.0,H,0,SJS,1,1.0,1.0,0.5,1,0.333333,0.333333,0,32.0,30.0,Toronto Maple Leafs,10,0,,0,0,0
20252026,0.540983,2025-11-26,2025020368,1,2,2.0,4,4.0,R,0,CAR,0,0.8,0.8,1.0,2,0.0,0.0,1,38.0,18.0,New York Rangers,3,0,,1,1,0
20252026,0.537037,2025-10-09,2025020015,1,0,0.0,5,5.0,R,0,STL,0,1.0,1.0,1.0,2,0.333333,0.333333,1,26.0,21.0,Minnesota Wild,30,1,,1,1,0
20252026,0.529411,2026-04-04,2025021220,1,3,3.0,6,6.0,R,0,SJS,0,1.25,1.0,1.0,2,0.5,0.5,1,27.0,34.0,Nashville Predators,18,0,,1,1,0
20252026,0.555555,2025-12-29,2025020610,1,2,2.0,4,4.0,R,0,STL,0,1.0,1.0,1.0,2,0.0,0.0,1,18.0,34.0,Buffalo Sabres,7,0,,1,1,0
20252026,0.48,2026-03-02,2025020957,1,2,2.0,1,1.0,R,1,SEA,0,1.0,1.0,0.0,0,0.0,0.0,0,15.0,36.0,Carolina Hurricanes,12,0,,0,0,0
20252026,0.516129,2026-02-01,2025020875,1,3,3.0,4,4.0,H,0,VGK,0,1.0,1.0,1.0,2,0.5,0.5,1,31.0,23.0,Anaheim Ducks,24,0,,1,1,0
20252026,0.608695,2026-01-31,2025020861,1,6,6.0,5,5.0,R,1,PIT,0,1.0,0.8,0.0,0,0.333333,0.333333,0,34.0,20.0,New York Rangers,3,0,,0,0,0
20252026,0.525423,2026-03-28,2025021158,1,3,3.0,2,2.0,H,1,SJS,0,0.5,0.5,0.0,0,0.0,0.0,0,36.0,24.0,Columbus Blue Jackets,29,0,,0,0,0
20252026,0.521739,2025-10-13,2025020046,1,5,5.0,2,2.0,H,1,STL,0,1.0,0.666667,0.0,0,0.0,0.0,0,36.0,29.0,Vancouver Canucks,23,0,,0,0,0
20252026,0.563636,2025-12-13,2025020503,1,5,5.0,1,1.0,R,1,WPG,0,0.666666,0.666667,0.0,0,0.2,0.2,0,35.0,25.0,Washington Capitals,15,0,,0,0,0
20252026,0.514705,2025-12-14,2025020511,1,6,6.0,2,2.0,R,1,MIN,0,0.333333,0.333334,0.0,0,0.0,0.0,0,31.0,31.0,Boston Bruins,6,0,,0,0,0
20252026,0.4,2026-03-22,2025021114,1,1,1.0,0,0.0,R,1,NYI,0,1.0,1.0,0.0,0,,,0,22.0,26.0,Columbus Blue Jackets,29,0,,0,0,0
20252026,0.46,2026-01-29,2025020846,1,3,3.0,3,3.0,H,0,WSH,1,1.0,1.0,0.5,1,0.0,0.0,0,23.0,21.0,Detroit Red Wings,17,0,,0,0,0
20252026,0.484848,2026-02-26,2025020919,1,3,3.0,4,4.0,R,0,MTL,0,0.333333,0.333334,1.0,2,0.5,0.5,1,25.0,26.0,New York Islanders,2,0,,1,0,0
20252026,0.557377,2026-03-05,2025020980,1,1,1.0,4,4.0,H,0,TBL,0,0.5,0.5,1.0,2,0.0,0.0,1,27.0,30.0,Winnipeg Jets,52,0,,1,1,0
20252026,0.5,2025-12-15,2025020518,1,4,4.0,1,1.0,R,1,DAL,0,1.0,1.0,0.0,0,0.333333,0.333333,0,26.0,28.0,Los Angeles Kings,26,0,,0,0,0
20252026,0.557377,2026-03-05,2025020982,1,5,5.0,3,3.0,R,1,LAK,0,1.0,0.666667,0.0,0,0.0,0.0,0,35.0,35.0,New York Islanders,2,0,,0,0,0
20252026,0.5,2025-12-31,2025020622,1,3,3.0,6,6.0,H,0,NYR,0,0.0,0.0,1.0,2,0.333333,0.333333,1,25.0,27.0,Washington Capitals,15,0,,1,1,0
20252026,0.596491,2026-01-23,2025020804,1,2,2.0,3,3.0,H,0,STL,0,0.666666,0.666667,1.0,2,0.4,0.4,1,22.0,19.0,Dallas Stars,25,0,,1,1,0
20252026,0.523809,2025-11-15,2025020290,1,1,1.0,1,1.0,H,0,NYR,1,0.5,0.5,0.5,1,0.5,0.5,0,33.0,27.0,Columbus Blue Jackets,29,0,,0,0,0
20252026,0.420289,2025-10-23,2025020111,1,5,5.0,7,7.0,R,0,BOS,0,0.0,0.0,1.0,2,0.333333,0.333333,1,42.0,30.0,Anaheim Ducks,24,0,,1,1,0
20252026,0.444444,2026-03-10,2025021020,1,2,2.0,1,1.0,R,1,DAL,0,0.8,0.8,0.0,0,0.0,0.0,0,16.0,27.0,Vegas Golden Knights,54,0,,0,0,0
20252026,0.5,2026-03-10,2025021017,1,4,4.0,0,0.0,R,1,NYR,0,0.666666,0.666667,0.0,0,0.0,0.0,0,29.0,21.0,Calgary Flames,20,0,,0,0,0
20252026,0.547945,2025-10-22,2025020109,1,4,4.0,2,2.0,R,1,BUF,0,0.8,0.8,0.0,0,0.0,0.0,0,31.0,31.0,Detroit Red Wings,17,0,,0,0,0
20252026,0.465517,2025-11-01,2025020191,1,1,1.0,4,4.0,R,0,LAK,0,1.5,1.0,1.0,2,,,1,44.0,22.0,New Jersey Devils,1,0,,1,1,0
20252026,0.52,2025-10-11,2025020029,1,6,6.0,1,1.0,H,1,NYR,0,0.5,0.5,0.0,0,-0.25,0.0,0,30.0,19.0,Pittsburgh Penguins,5,0,,0,0,0
20252026,0.5,2026-03-03,2025020963,1,2,2.0,3,3.0,H,0,NSH,0,1.0,0.5,1.0,2,0.0,0.0,1,25.0,27.0,Columbus Blue Jackets,29,0,,1,1,0
20252026,0.410714,2025-11-15,2025020285,1,3,3.0,2,2.0,H,1,BOS,0,1.0,0.8,0.0,0,0.0,0.0,0,23.0,28.0,Montréal Canadiens,8,0,,0,0,0
20252026,0.419354,2025-12-13,2025020502,1,2,2.0,3,3.0,R,0,CBJ,0,1.0,1.0,1.0,2,0.333333,0.333333,1,30.0,26.0,Vegas Golden Knights,54,0,,1,1,0
20252026,0.416666,2025-11-26,2025020366,1,4,4.0,2,2.0,R,1,PIT,0,1.0,1.0,0.0,0,,,0,19.0,31.0,Buffalo Sabres,7,0,,0,0,0
20252026,0.535714,2026-03-22,2025021116,1,3,3.0,4,4.0,H,0,TBL,0,1.0,1.0,1.0,2,,,1,35.0,29.0,Calgary Flames,20,0,,1,0,0
20252026,0.407407,2025-12-07,2025020457,1,4,4.0,3,3.0,H,1,STL,0,0.5,0.5,0.0,0,0.0,0.0,0,18.0,26.0,Montréal Canadiens,8,0,,0,0,0
20252026,0.583333,2026-04-06,2025021230,1,2,2.0,6,6.0,H,0,SEA,0,,,1.0,2,1.0,1.0,1,24.0,31.0,Winnipeg Jets,52,0,,1,1,0
20252026,0.459016,2026-03-28,2025021165,1,7,7.0,3,3.0,R,1,CGY,0,0.333333,0.333334,0.0,0,0.25,0.25,0,23.0,34.0,Vancouver Canucks,23,0,,0,0,0
20252026,0.482758,2026-03-10,2025021016,1,3,3.0,4,4.0,H,0,DET,0,1.0,1.0,1.0,2,0.0,0.0,1,28.0,28.0,Florida Panthers,13,0,,1,1,0
20252026,0.457142,2026-03-19,2025021089,1,0,0.0,4,4.0,R,0,EDM,0,1.0,1.0,1.0,2,0.5,0.5,1,21.0,23.0,Florida Panthers,13,1,,1,1,0
20252026,0.534883,2025-10-14,2025020051,1,0,0.0,2,2.0,R,0,NYR,0,1.0,1.0,1.0,2,,,1,30.0,22.0,Edmonton Oilers,22,1,,1,1,0
20252026,0.538461,2026-04-15,2025021301,1,3,3.0,3,3.0,H,0,DAL,1,1.0,0.666667,0.5,1,0.0,0.0,0,28.0,24.0,Buffalo Sabres,7,0,,0,0,0
20252026,0.573529,2025-11-22,2025020335,1,4,4.0,3,3.0,R,0,DET,1,1.0,1.0,0.5,1,0.333333,0.333333,0,33.0,35.0,Columbus Blue Jackets,29,0,,0,0,0
20252026,0.6,2026-03-14,2025021043,1,2,2.0,0,0.0,R,1,OTT,0,1.0,1.0,0.0,0,-0.333333,0.0,0,28.0,24.0,Anaheim Ducks,24,0,,0,0,0
20252026,0.372549,2025-12-23,2025020583,1,1,1.0,3,3.0,R,0,CHI,0,1.0,1.0,1.0,2,0.25,0.25,1,21.0,26.0,Philadelphia Flyers,4,0,,1,1,0
20252026,0.431034,2026-03-03,2025020964,1,2,2.0,3,3.0,H,0,CHI,0,0.666666,0.666667,1.0,2,0.0,0.0,1,19.0,32.0,Winnipeg Jets,52,0,,1,0,0
20252026,0.426229,2025-12-18,2025020542,1,4,4.0,2,2.0,R,1,CGY,0,0.8,0.8,0.0,0,1.0,1.0,0,46.0,23.0,Seattle Kraken,55,0,,0,0,0
20252026,0.530612,2025-11-11,2025020258,1,2,2.0,3,3.0,R,0,OTT,0,1.0,1.0,1.0,2,0.333333,0.333333,1,29.0,33.0,Dallas Stars,25,0,,1,0,0
20252026,0.471698,2026-03-17,2025021069,1,3,3.0,2,2.0,R,0,MTL,1,1.0,1.0,0.5,1,0.25,0.25,0,31.0,28.0,Boston Bruins,6,0,,0,0,0
20252026,0.5,2026-01-31,2025020864,1,4,4.0,3,3.0,R,0,WSH,1,1.0,1.0,0.5,1,0.0,0.0,0,42.0,22.0,Carolina Hurricanes,12,0,,0,0,0
20252026,0.533333,2026-01-01,2025020638,1,4,4.0,1,1.0,R,1,SEA,0,1.0,1.0,0.0,0,0.5,0.5,0,23.0,25.0,Nashville Predators,18,0,,0,0,0
20252026,0.508474,2025-11-28,2025020388,1,4,4.0,3,3.0,H,0,PIT,1,1.5,1.0,0.5,1,0.0,0.0,0,24.0,29.0,Columbus Blue Jackets,29,0,,0,0,0
20252026,0.592592,2025-11-28,2025020386,1,4,4.0,2,2.0,R,1,WSH,0,1.0,1.0,0.0,0,,,0,34.0,22.0,Toronto Maple Leafs,10,0,,0,0,0
20252026,0.574074,2026-01-10,2025020710,1,4,4.0,2,2.0,R,1,VGK,0,1.0,1.0,0.0,0,1.0,1.0,0,25.0,19.0,St. Louis Blues,19,0,,0,0,0
20252026,0.448275,2025-11-29,2025020399,1,2,2.0,2,2.0,R,0,MIN,0,1.0,1.0,1.0,2,0.0,0.0,0,24.0,33.0,Buffalo Sabres,7,0,,1,0,1
20252026,0.5,2025-11-15,2025020294,1,3,3.0,3,3.0,H,0,WPG,1,0.0,0.0,0.5,1,0.333333,0.333333,0,23.0,34.0,Calgary Flames,20,0,,0,0,0
20252026,0.54,2026-01-29,2025020846,1,3,3.0,3,3.0,R,0,DET,0,1.0,1.0,1.0,2,0.0,0.0,0,21.0,23.0,Washington Capitals,15,0,,1,0,1
20252026,0.537037,2025-12-19,2025020547,1,2,2.0,1,1.0,H,1,NJD,0,0.8,0.8,0.0,0,0.25,0.25,0,22.0,33.0,Utah Mammoth,68,0,,0,0,0
20252026,0.525423,2026-04-06,2025021229,1,4,4.0,2,2.0,R,1,BUF,0,1.0,1.0,0.0,0,0.2,0.2,0,30.0,25.0,Tampa Bay Lightning,14,0,,0,0,0
